AQI,AirQuality,CO,MonitoringStations,NO2,O31,O38,PM10,PM25,SO2,name,pollutants
17,优,0.2,州农科所,6,34,38,17,9,11,阿坝州,_
31,优,0.5,州监测站,15,26,32,31,14,24,阿坝州,_
13,优,0.4,马师校,13,32,37,13,9,9,阿坝州,_
18,优,0.4,小东沟,6,57,59,_,10,16,阿勒泰地区,_
8,优,0.8,市站,10,22,13,7,4,3,阿勒泰地区,_
117,轻度污染,2.4,电视台,35,32,26,183,55,8,阿克苏地区,颗粒物(PM10)
123,轻度污染,1.6,艺术中心,22,33,19,196,58,9,阿克苏地区,颗粒物(PM10)
40,优,0.6,体育场,24,82,79,34,28,14,阿拉善盟,_
50,优,1.1,盟环保楼,31,71,74,_,35,14,阿拉善盟,_
29,优,0.4,环保局新楼,6,92,93,12,12,8,阿拉善盟,_
215,重度污染,1.0,环科院,52,22,23,188,165,6,安庆,细颗粒物(PM2.5)
225,重度污染,1.1,马山宾馆,47,35,30,_,175,16,安庆,细颗粒物(PM2.5)
228,重度污染,1.1,联富花园,52,36,34,_,178,9,安庆,细颗粒物(PM2.5)
92,良,1.0,香溪洞,20,68,80,86,68,15,安康,细颗粒物(PM2.5)
112,轻度污染,1.4,安康市监测站,47,5,6,120,84,45,安康,细颗粒物(PM2.5)
110,轻度污染,1.4,汉滨区检察院,49,3,3,116,83,38,安康,细颗粒物(PM2.5)
85,良,2.1,深沟寺,65,20,38,90,63,55,鞍山,细颗粒物(PM2.5)
70,良,1.8,明达新区,68,19,32,89,51,44,鞍山,"颗粒物(PM10)
细颗粒物(PM2.5)"
58,良,1.6,千山,48,24,31,60,41,17,鞍山,细颗粒物(PM2.5)
90,良,2.8,太阳城,78,19,36,117,67,41,鞍山,细颗粒物(PM2.5)
94,良,2.6,太平,64,17,36,90,70,49,鞍山,细颗粒物(PM2.5)
84,良,1.8,铁西三道街,51,15,19,104,62,26,鞍山,细颗粒物(PM2.5)
95,良,1.8,铁西工业园区,64,24,41,128,71,46,鞍山,细颗粒物(PM2.5)
49,优,0.6,阿里监测站,47,17,38,49,27,137,阿里地区,_
38,优,0.6,阿里地委,2,32,51,38,22,3,阿里地区,_
89,良,0.8,伍家关(对照点),14,92,81,85,66,8,安顺,细颗粒物(PM2.5)
93,良,0.7,凤凰山,11,88,77,82,69,27,安顺,细颗粒物(PM2.5)
89,良,0.6,金钟山,14,94,82,90,66,15,安顺,细颗粒物(PM2.5)
107,轻度污染,0.6,娄家坡,20,80,72,97,80,17,安顺,细颗粒物(PM2.5)
74,良,0.9,洮北区环保局,58,29,38,58,54,20,白城,细颗粒物(PM2.5)
52,良,0.5,市环保局,29,22,26,54,29,14,白城,颗粒物(PM10)
416,严重污染,3.6,棉研所,74,14,13,458,374,13,安阳,细颗粒物(PM2.5)
415,严重污染,4.8,红庙街,88,7,6,471,372,47,安阳,细颗粒物(PM2.5)
348,严重污染,4.4,铁佛寺,78,6,5,336,298,28,安阳,细颗粒物(PM2.5)
443,严重污染,4.5,信访局,88,17,17,543,398,35,安阳,颗粒物(PM10)
95,良,2.1,市监测站,33,4,6,90,71,21,百色,细颗粒物(PM2.5)
85,良,1.6,市中心血站,27,3,3,113,63,21,百色,细颗粒物(PM2.5)
83,良,1.1,喜丰,46,18,16,100,61,129,白山,细颗粒物(PM2.5)
88,良,1.6,环保局,45,16,20,85,65,58,白山,细颗粒物(PM2.5)
68,良,1.2,动力公司,37,10,16,86,31,21,白银,颗粒物(PM10)
264,重度污染,4.6,游泳馆,102,9,8,290,214,44,保定,细颗粒物(PM2.5)
237,重度污染,3.8,华电二区,97,3,3,267,187,62,保定,细颗粒物(PM2.5)
259,重度污染,3.8,接待中心,112,14,17,307,209,46,保定,细颗粒物(PM2.5)
272,重度污染,3.0,地表水厂,85,9,10,310,222,44,保定,细颗粒物(PM2.5)
291,重度污染,5.6,胶片厂,86,11,11,370,241,37,保定,细颗粒物(PM2.5)
247,重度污染,4.4,监测站,111,6,6,307,197,58,保定,细颗粒物(PM2.5)
63,良,0.6,庙沟村,18,56,42,75,31,7,宝鸡,颗粒物(PM10)
65,良,0.7,竹园沟,50,4,4,69,47,10,宝鸡,细颗粒物(PM2.5)
87,良,1.4,三陆医院,52,5,6,108,64,18,宝鸡,细颗粒物(PM2.5)
95,良,2.1,监测站,58,5,4,112,71,14,宝鸡,细颗粒物(PM2.5)
100,良,1.2,技工学校,47,4,5,112,75,12,宝鸡,细颗粒物(PM2.5)
78,良,2.2,市环境监测站,69,2,8,100,57,34,包头,细颗粒物(PM2.5)
71,良,1.1,包百大楼,39,33,28,92,43,18,包头,颗粒物(PM10)
78,良,2.2,东河城环局,82,2,3,105,45,55,包头,颗粒物(PM10)
77,良,1.9,青山宾馆,52,14,51,103,50,20,包头,颗粒物(PM10)
73,良,4.4,惠龙物流,78,5,7,95,47,49,包头,颗粒物(PM10)
35,优,1.4,东河鸿龙湾,59,4,14,35,18,10,包头,_
40,优,0.5,市环保局,16,26,42,40,28,7,保山,_
40,优,0.8,市环境监测站,19,25,41,31,28,25,保山,_
175,中度污染,4.6,陈仓环保局,56,13,12,202,132,200,宝鸡,细颗粒物(PM2.5)
80,良,1.6,文理学院,57,4,4,106,59,16,宝鸡,细颗粒物(PM2.5)
81,良,1.4,三迪小学,53,5,6,112,51,16,宝鸡,颗粒物(PM10)
28,优,0.4,秋林养殖基地,26,51,58,28,15,10,巴彦淖尔,_
40,优,0.3,附中,23,54,64,40,17,11,巴彦淖尔,_
21,优,0.3,市环保大楼,12,65,66,15,7,8,巴彦淖尔,_
54,良,0.8,市环保局,32,7,5,50,38,5,巴中,细颗粒物(PM2.5)
54,良,1.0,巴中中学,39,2,3,58,38,6,巴中,"颗粒物(PM10)
细颗粒物(PM2.5)"
59,良,0.6,苏山坪,15,58,66,53,42,5,巴中,细颗粒物(PM2.5)
53,良,0.9,职业中学,19,2,2,39,37,4,巴中,细颗粒物(PM2.5)
84,良,0.6,牛尾岭水库,18,84,94,_,62,8,北海,细颗粒物(PM2.5)
124,轻度污染,1.3,海滩公园,30,93,92,94,94,16,北海,细颗粒物(PM2.5)
89,良,1.2,新市环保局,28,74,86,_,66,18,北海,细颗粒物(PM2.5)
103,轻度污染,1.2,北海工业园,35,60,63,_,77,20,北海,细颗粒物(PM2.5)
103,轻度污染,1.9,万寿西宫,91,2,2,143,77,12,北京,细颗粒物(PM2.5)
51,良,0.8,定陵,51,24,9,52,28,18,北京,颗粒物(PM10)
119,轻度污染,3.0,东四,110,4,4,134,90,22,北京,细颗粒物(PM2.5)
110,轻度污染,1.8,天坛,76,2,2,110,83,2,北京,细颗粒物(PM2.5)
108,轻度污染,2.4,农展馆,103,2,2,119,81,21,北京,细颗粒物(PM2.5)
118,轻度污染,2.2,官园,104,2,2,138,89,18,北京,细颗粒物(PM2.5)
97,良,2.2,海淀区万柳,93,4,3,108,72,8,北京,细颗粒物(PM2.5)
93,良,2.1,顺义新城,78,4,4,107,69,10,北京,细颗粒物(PM2.5)
73,良,1.4,怀柔镇,63,2,6,86,53,3,北京,细颗粒物(PM2.5)
114,轻度污染,3.2,昌平镇,69,3,2,141,86,48,北京,细颗粒物(PM2.5)
248,重度污染,2.1,工人疗养院,72,38,26,239,198,20,蚌埠,细颗粒物(PM2.5)
275,重度污染,1.9,百货大楼,54,34,34,_,225,42,蚌埠,细颗粒物(PM2.5)
232,重度污染,2.0,二水厂,67,25,24,226,182,35,蚌埠,细颗粒物(PM2.5)
223,重度污染,1.6,蚌埠学院,77,6,7,228,173,16,蚌埠,细颗粒物(PM2.5)
237,重度污染,1.7,淮上区政府,51,8,15,234,187,27,蚌埠,细颗粒物(PM2.5)
249,重度污染,1.6,高新区,83,7,10,231,199,28,蚌埠,细颗粒物(PM2.5)
78,良,2.8,大峪,65,8,17,94,57,85,本溪,细颗粒物(PM2.5)
96,良,3.2,溪湖,69,8,7,142,50,175,本溪,颗粒物(PM10)
108,轻度污染,1.6,彩屯,38,33,29,114,81,29,本溪,细颗粒物(PM2.5)
87,良,3.0,东明,64,8,7,118,64,80,本溪,细颗粒物(PM2.5)
103,轻度污染,1.6,威宁,51,10,8,128,77,19,本溪,细颗粒物(PM2.5)
52,良,1.1,新立屯,31,42,52,54,25,15,本溪,颗粒物(PM10)
98,良,2.2,奥体中心,95,12,14,127,73,18,北京,细颗粒物(PM2.5)
60,良,1.2,古城,67,4,3,70,43,5,北京,"颗粒物(PM10)
细颗粒物(PM2.5)"
67,良,1.0,八中,20,76,95,60,48,7,毕节,细颗粒物(PM2.5)
74,良,1.2,师专,24,74,98,85,54,15,毕节,细颗粒物(PM2.5)
315,严重污染,2.6,市环保局,102,2,4,311,265,79,滨州,细颗粒物(PM2.5)
301,严重污染,3.1,第二水厂,114,2,2,301,251,104,滨州,细颗粒物(PM2.5)
65,良,1.2,博乐市西郊区,16,41,40,79,46,37,博州,颗粒物(PM10)
78,良,1.5,市环保局,34,33,27,76,57,25,博州,细颗粒物(PM2.5)
311,严重污染,_,北中新校,_,_,_,327,261,_,滨州,细颗粒物(PM2.5)
220,重度污染,2.1,污水处理厂,77,27,20,234,170,20,亳州,细颗粒物(PM2.5)
219,重度污染,1.9,三国揽胜宫,87,4,8,240,169,18,亳州,细颗粒物(PM2.5)
330,严重污染,3.3,沧县城建局,90,3,3,350,280,48,沧州,细颗粒物(PM2.5)
319,严重污染,2.8,电视转播站,100,4,3,428,269,39,沧州,细颗粒物(PM2.5)
339,严重污染,2.8,市环保局,84,7,7,383,289,37,沧州,细颗粒物(PM2.5)
62,良,1.3,食品厂,53,16,23,73,35,58,长春,颗粒物(PM10)
60,良,1.9,客车厂,46,13,21,69,43,125,长春,"颗粒物(PM10)
细颗粒物(PM2.5)"
68,良,1.8,邮电学院,57,14,23,85,49,54,长春,"颗粒物(PM10)
细颗粒物(PM2.5)"
55,良,1.7,劳动公园,63,14,29,60,37,65,长春,颗粒物(PM10)
63,良,1.6,园林处,62,15,30,68,45,80,长春,细颗粒物(PM2.5)
196,中度污染,1.5,市二中,23,50,65,_,147,35,常德,细颗粒物(PM2.5)
44,优,0.9,净月潭,19,55,54,44,23,23,长春,_
55,良,0.9,甩湾子,16,72,58,52,39,15,长春,细颗粒物(PM2.5)
62,良,0.9,高新区管委会,40,40,44,73,38,22,长春,颗粒物(PM10)
60,良,1.6,岱山公园,41,28,29,70,41,39,长春,颗粒物(PM10)
205,重度污染,2.2,白鹤山,12,67,78,_,155,9,常德,细颗粒物(PM2.5)
234,重度污染,1.7,武陵区永安(启用171130),45,44,62,_,184,15,常德,细颗粒物(PM2.5)
148,轻度污染,2.1,鼎城区玉霞(启用171130),44,43,62,150,113,28,常德,细颗粒物(PM2.5)
213,重度污染,1.9,武陵区长庚,47,33,50,_,163,15,常德,细颗粒物(PM2.5)
40,优,0.9,昌都监测站,16,28,25,40,13,5,昌都,_
47,优,1.2,昌都地区昌都坝,12,30,31,47,10,2,昌都,_
29,优,0.5,昌都监测站,5,91,61,12,_,4,昌都地区,_
26,优,0.9,昌都地区昌都坝,17,82,53,_,6,12,昌都地区,_
30,优,0.8,天山天池,5,96,93,7,6,_,昌吉州,_
272,重度污染,4.0,州监测站,93,15,16,304,222,23,昌吉州,细颗粒物(PM2.5)
208,重度污染,2.1,新区政务中心,68,18,18,212,158,26,昌吉州,细颗粒物(PM2.5)
277,重度污染,1.7,经开区环保局,39,23,18,_,227,7,长沙,细颗粒物(PM2.5)
283,重度污染,1.5,高开区环保局,32,26,27,_,233,8,长沙,细颗粒物(PM2.5)
127,轻度污染,2.0,海虞子站,77,35,28,204,_,22,常熟,颗粒物(PM10)
319,严重污染,_,菱塘子站,_,44,36,299,269,33,常熟,细颗粒物(PM2.5)
94,良,1.5,清华站,63,3,3,132,70,47,长治,细颗粒物(PM2.5)
108,轻度污染,1.3,监测站,61,15,15,165,78,81,长治,颗粒物(PM10)
148,轻度污染,3.4,长治八中,65,4,4,151,113,137,长治,细颗粒物(PM2.5)
68,良,1.6,德盛苑,33,47,44,86,35,60,长治,颗粒物(PM10)
290,重度污染,2.7,市监测站,108,5,12,311,240,22,常州,细颗粒物(PM2.5)
48,优,1.3,城建学校,34,8,8,48,30,13,常州,_
38,优,1.0,常工院,65,13,7,33,26,14,常州,_
56,良,1.2,潞城,62,10,7,62,32,19,常州,颗粒物(PM10)
320,严重污染,2.1,武进监测站,71,12,19,297,270,27,常州,细颗粒物(PM2.5)
307,严重污染,2.0,安家,46,43,38,310,257,24,常州,细颗粒物(PM2.5)
124,轻度污染,2.4,西梁,56,13,25,177,94,180,朝阳,细颗粒物(PM2.5)
314,严重污染,3.2,行政中心,93,10,15,328,264,26,常州,细颗粒物(PM2.5)
352,严重污染,2.4,经开区,87,9,12,350,302,27,常州,细颗粒物(PM2.5)
315,严重污染,2.2,钟楼,84,10,18,293,265,15,常州,细颗粒物(PM2.5)
85,良,1.9,河畔小区,50,13,27,97,63,52,朝阳,细颗粒物(PM2.5)
159,中度污染,2.8,八里堡,56,4,14,171,121,51,朝阳,细颗粒物(PM2.5)
100,良,2.1,农业园区,44,21,33,102,75,68,朝阳,细颗粒物(PM2.5)
98,良,1.2,西园路,49,12,25,_,73,18,潮州,细颗粒物(PM2.5)
107,轻度污染,2.2,铁路,30,4,4,163,42,28,承德,颗粒物(PM10)
89,良,2.2,中国银行,58,4,4,128,57,23,承德,颗粒物(PM10)
86,良,2.1,开发区,57,7,5,121,56,30,承德,颗粒物(PM10)
131,轻度污染,3.1,文化中心,60,12,10,212,94,24,承德,颗粒物(PM10)
80,良,1.2,离宫,47,6,6,110,45,28,承德,颗粒物(PM10)
118,轻度污染,1.0,档案局,47,14,25,_,89,15,潮州,细颗粒物(PM2.5)
113,轻度污染,1.2,市政府,58,15,32,_,85,33,潮州,细颗粒物(PM2.5)
153,中度污染,1.8,金泉两河,59,2,2,209,117,9,成都,细颗粒物(PM2.5)
156,中度污染,1.1,马头岭,36,23,32,183,119,16,郴州,细颗粒物(PM2.5)
134,轻度污染,1.5,十里店,76,6,6,178,102,12,成都,细颗粒物(PM2.5)
160,中度污染,1.2,三瓦窑,80,6,6,187,122,19,成都,细颗粒物(PM2.5)
128,轻度污染,1.4,沙河铺,52,2,2,144,97,12,成都,细颗粒物(PM2.5)
70,良,0.8,梁家巷,37,80,111,89,50,_,成都,颗粒物(PM10)
186,中度污染,1.7,市职中,34,13,18,191,140,8,郴州,细颗粒物(PM2.5)
170,中度污染,1.8,兴隆步行街,35,17,22,211,129,10,郴州,细颗粒物(PM2.5)
145,轻度污染,1.5,市审计局,34,14,20,207,111,19,郴州,细颗粒物(PM2.5)
84,良,1.1,灵岩寺,60,20,63,117,57,84,成都,颗粒物(PM10)
144,轻度污染,1.4,君平街,70,7,8,155,110,15,成都,细颗粒物(PM2.5)
143,轻度污染,2.0,大石西路,57,1,1,162,109,9,成都,细颗粒物(PM2.5)
162,中度污染,1.6,市环保局,41,7,13,180,123,7,郴州,细颗粒物(PM2.5)
67,良,1.4,松山一中,50,19,46,84,27,38,赤峰,颗粒物(PM10)
61,良,0.3,哈达街,32,37,50,71,20,22,赤峰,颗粒物(PM10)
102,轻度污染,1.0,龙泉驿区区政府,69,3,5,109,76,6,成都,细颗粒物(PM2.5)
52,良,0.7,天义路,36,54,70,53,11,8,赤峰,颗粒物(PM10)
51,良,1.2,银河街,9,52,50,51,19,46,赤峰,颗粒物(PM10)
211,重度污染,1.5,池州学院,57,28,26,194,161,14,池州,细颗粒物(PM2.5)
153,中度污染,0.9,平天湖,54,35,38,140,117,9,池州,细颗粒物(PM2.5)
202,重度污染,1.2,老干部局,67,25,23,190,152,14,池州,细颗粒物(PM2.5)
37,优,1.2,缙云山,20,46,25,37,22,4,重庆,_
92,良,1.2,天生,37,3,5,83,68,7,重庆,细颗粒物(PM2.5)
100,良,1.2,两路,51,6,6,100,75,12,重庆,细颗粒物(PM2.5)
133,轻度污染,1.0,虎溪,34,7,10,125,101,10,重庆,细颗粒物(PM2.5)
118,轻度污染,1.3,南坪,41,5,5,112,89,11,重庆,细颗粒物(PM2.5)
88,良,1.5,唐家沱,47,2,2,104,65,14,重庆,细颗粒物(PM2.5)
67,良,1.1,州环境监测站,33,4,4,84,36,26,楚雄州,颗粒物(PM10)
65,良,1.0,市环保局江州分局,27,5,4,80,40,6,崇左,颗粒物(PM10)
128,轻度污染,1.4,茶园,48,3,3,126,97,13,重庆,细颗粒物(PM2.5)
135,轻度污染,1.2,白市驿,40,5,4,136,103,11,重庆,细颗粒物(PM2.5)
103,轻度污染,1.3,空港,53,5,6,90,77,14,重庆,细颗粒物(PM2.5)
65,良,0.7,市经济开发区,21,3,4,53,47,11,楚雄州,细颗粒物(PM2.5)
53,良,0.9,城南新区,41,7,14,49,37,18,崇左,细颗粒物(PM2.5)
282,重度污染,1.8,老年大学,48,73,39,264,232,18,滁州,细颗粒物(PM2.5)
286,重度污染,1.9,人大宾馆,71,22,27,274,236,7,滁州,细颗粒物(PM2.5)
265,重度污染,1.8,监测站,64,21,18,269,215,18,滁州,细颗粒物(PM2.5)
123,轻度污染,1.5,新山村,50,3,4,135,93,16,重庆,细颗粒物(PM2.5)
97,良,1.0,礼嘉,38,12,8,81,72,12,重庆,细颗粒物(PM2.5)
84,良,1.4,蔡家,35,4,5,87,62,6,重庆,细颗粒物(PM2.5)
135,轻度污染,1.6,鱼新街,53,5,5,159,103,18,重庆,细颗粒物(PM2.5)
103,轻度污染,1.4,歇台子,55,6,6,105,77,12,重庆,细颗粒物(PM2.5)
81,良,1.3,龙井湾,38,8,8,112,54,12,重庆,颗粒物(PM10)
122,轻度污染,1.2,上清寺,43,6,6,110,92,9,重庆,细颗粒物(PM2.5)
76,良,1.4,甘井子,80,9,31,101,52,66,大连,颗粒物(PM10)
89,良,1.8,周水子,39,6,26,126,66,51,大连,细颗粒物(PM2.5)
72,良,1.5,星海三站,79,9,26,93,52,47,大连,"颗粒物(PM10)
细颗粒物(PM2.5)"
81,良,1.4,青泥洼桥,48,30,32,112,52,27,大连,颗粒物(PM10)
83,良,1.3,傅家庄,22,30,32,116,40,17,大连,颗粒物(PM10)
75,良,1.3,七贤岭,58,28,39,100,43,13,大连,颗粒物(PM10)
89,良,1.3,旅顺,58,13,21,106,66,12,大连,细颗粒物(PM2.5)
113,轻度污染,1.9,金州,91,9,28,163,85,51,大连,细颗粒物(PM2.5)
77,良,2.2,江湾东路,43,20,22,89,56,78,丹东,细颗粒物(PM2.5)
127,轻度污染,2.2,临江后街,57,10,26,129,96,170,丹东,细颗粒物(PM2.5)
155,中度污染,2.8,元宝山,45,7,20,169,118,75,丹东,细颗粒物(PM2.5)
125,轻度污染,2.8,民主桥,78,11,9,134,95,104,丹东,细颗粒物(PM2.5)
53,良,0.7,大理市环境监测站,24,54,61,56,27,6,大理州,颗粒物(PM10)
52,良,1.0,大理古城,34,35,56,54,22,5,大理州,颗粒物(PM10)
80,良,1.9,开发区,95,5,15,100,59,37,大连,细颗粒物(PM2.5)
69,良,1.1,双D港,64,24,34,87,45,18,大连,颗粒物(PM10)
160,中度污染,1.7,大同区,40,37,46,128,122,23,大庆,细颗粒物(PM2.5)
83,良,1.3,龙凤区,50,19,27,76,61,25,大庆,细颗粒物(PM2.5)
73,良,1.3,红岗区,55,17,31,94,53,37,大庆,细颗粒物(PM2.5)
143,轻度污染,1.2,萨尔图区,107,16,31,112,109,51,大庆,细颗粒物(PM2.5)
60,良,1.2,让胡路区,50,11,28,67,43,14,大庆,细颗粒物(PM2.5)
50,优,1.7,果树场,66,7,12,50,17,63,大同,_
52,良,2.1,云冈宾馆,46,10,29,53,27,59,大同,颗粒物(PM10)
53,良,1.6,大同大学,53,2,24,55,29,69,大同,颗粒物(PM10)
64,良,6.4,安家小村,48,18,41,40,20,65,大同,一氧化碳
49,优,2.5,教育学院,46,5,16,49,24,115,大同,_
65,良,3.6,供排水公司,71,9,24,71,47,114,大同,细颗粒物(PM2.5)
60,良,0.8,环保局,48,28,34,50,43,31,大兴安岭地区,细颗粒物(PM2.5)
62,良,0.6,公安局,31,29,66,50,44,57,大兴安岭地区,细颗粒物(PM2.5)
51,良,0.8,达州职业技术学院,17,40,50,51,30,12,达州,颗粒物(PM10)
68,良,1.2,市环境监测站,48,31,26,63,49,6,达州,细颗粒物(PM2.5)
69,良,1.2,凤凰小区,51,32,38,58,50,13,达州,细颗粒物(PM2.5)
67,良,1.4,达县机关宾馆,32,30,29,64,48,10,达州,细颗粒物(PM2.5)
77,良,1.3,市政中心,60,27,52,85,56,10,达州,细颗粒物(PM2.5)
46,优,0.7,德宏州监测站,29,30,40,_,32,19,德宏州,_
70,良,0.7,东山公园,21,61,52,89,43,11,德阳,颗粒物(PM10)
49,优,0.9,芒市建设局,32,2,16,49,31,10,德宏州,_
97,良,1.1,西小区,71,3,5,144,59,7,德阳,颗粒物(PM10)
78,良,1.0,市检察院,63,4,3,99,57,8,德阳,细颗粒物(PM2.5)
120,轻度污染,1.6,耐火材料厂,78,4,6,167,91,7,德阳,细颗粒物(PM2.5)
338,严重污染,2.7,儿童乐园,62,11,6,374,288,15,德州,细颗粒物(PM2.5)
349,严重污染,3.2,监理站,70,9,5,374,299,11,德州,细颗粒物(PM2.5)
323,严重污染,2.9,九衢泉纯净水厂,54,6,2,393,273,13,德州,细颗粒物(PM2.5)
20,优,0.9,古城,11,46,50,20,5,7,迪庆州,_
24,优,0.6,迪庆州站,7,39,40,24,3,10,迪庆州,_
94,良,1.3,监测站（原粮食局）,30,8,6,104,70,54,定西,细颗粒物(PM2.5)
94,良,1.5,南峰招待所（原起重机厂）,37,3,3,116,70,97,定西,细颗粒物(PM2.5)
26,优,1.0,综合楼,23,83,90,20,7,14,鄂尔多斯,_
25,优,0.6,巴音孟克林场办事处,8,77,76,19,7,5,鄂尔多斯,_
243,重度污染,4.0,西城阳光环保公司,115,6,6,326,193,115,东营,细颗粒物(PM2.5)
166,中度污染,3.3,市环保局,113,15,13,281,124,106,东营,颗粒物(PM10)
176,中度污染,1.6,南城元岭,112,3,3,154,133,27,东莞,细颗粒物(PM2.5)
166,中度污染,1.9,东城石井,115,1,2,133,126,11,东莞,细颗粒物(PM2.5)
22,优,0.8,康泽苑,44,38,56,20,5,11,鄂尔多斯,_
23,优,0.7,华泰汽车城,43,40,73,23,12,10,鄂尔多斯,_
144,轻度污染,2.3,耿井村,103,4,4,229,110,47,东营,细颗粒物(PM2.5)
218,重度污染,3.3,开发区管委会,99,6,6,223,168,88,东营,细颗粒物(PM2.5)
233,重度污染,2.0,南城西平,201,2,2,194,183,22,东莞,细颗粒物(PM2.5)
120,轻度污染,1.3,东城主山,82,4,4,_,91,19,东莞,细颗粒物(PM2.5)
172,中度污染,1.4,莞城梨川,95,4,5,_,130,20,东莞,细颗粒物(PM2.5)
27,优,0.6,奥林花园,32,55,68,27,11,8,鄂尔多斯,_
70,良,1.2,湖北民院,28,10,14,58,51,7,恩施州,细颗粒物(PM2.5)
88,良,1.4,州电力总公司,23,8,13,72,65,3,恩施州,细颗粒物(PM2.5)
198,中度污染,1.8,市政府,42,12,19,166,148,5,鄂州,细颗粒物(PM2.5)
196,中度污染,2.0,赵家坝,32,10,14,169,147,14,鄂州,细颗粒物(PM2.5)
85,良,1.1,沙万,32,56,66,_,63,25,防城港,细颗粒物(PM2.5)
173,中度污染,1.8,凡口开发区,24,20,25,169,131,4,鄂州,细颗粒物(PM2.5)
109,轻度污染,1.6,防城镇政府,46,9,22,104,82,10,防城港,细颗粒物(PM2.5)
77,良,0.9,大海花园,34,59,68,58,56,15,防城港,细颗粒物(PM2.5)
156,中度污染,1.4,湾梁,118,2,3,234,119,27,佛山,细颗粒物(PM2.5)
169,中度污染,1.7,华材职中,115,4,4,231,128,48,佛山,细颗粒物(PM2.5)
162,中度污染,1.6,南海气象局,126,1,1,180,123,36,佛山,细颗粒物(PM2.5)
219,重度污染,2.3,顺德苏岗,172,2,_,202,169,24,佛山,细颗粒物(PM2.5)
302,严重污染,2.7,容桂街道办,185,2,1,377,252,36,佛山,细颗粒物(PM2.5)
125,轻度污染,2.3,沈抚新城,77,15,15,123,95,101,抚顺,细颗粒物(PM2.5)
133,轻度污染,1.4,望花区,72,7,6,102,101,25,抚顺,细颗粒物(PM2.5)
133,轻度污染,1.7,顺城区,86,18,16,114,101,24,抚顺,细颗粒物(PM2.5)
124,轻度污染,1.2,高明孔堂,88,31,45,152,94,48,佛山,细颗粒物(PM2.5)
124,轻度污染,_,三水监测站,101,9,6,183,94,62,佛山,细颗粒物(PM2.5)
153,中度污染,1.3,三水云东海,104,3,2,193,117,58,佛山,细颗粒物(PM2.5)
64,良,1.2,东洲区,46,32,34,78,35,32,抚顺,颗粒物(PM10)
85,良,1.2,新抚区,60,16,15,94,63,20,抚顺,细颗粒物(PM2.5)
63,良,0.9,大伙房水库,46,25,20,61,45,24,抚顺,细颗粒物(PM2.5)
239,重度污染,2.9,市监测站,87,5,12,_,189,18,阜阳,细颗粒物(PM2.5)
211,重度污染,2.2,开发区,63,4,11,188,161,11,阜阳,细颗粒物(PM2.5)
212,重度污染,1.9,阜阳职业技术学院,64,14,13,170,162,9,阜阳,细颗粒物(PM2.5)
212,重度污染,2.7,工业园区,59,16,13,173,162,119,阜新,细颗粒物(PM2.5)
90,良,1.3,农业园区,58,18,13,68,67,190,阜新,细颗粒物(PM2.5)
130,轻度污染,1.4,富春二小,58,51,49,187,99,14,富阳,细颗粒物(PM2.5)
132,轻度污染,2.2,长青街,66,12,12,147,100,95,阜新,细颗粒物(PM2.5)
166,中度污染,2.3,东苑,64,10,11,149,126,130,阜新,细颗粒物(PM2.5)
195,中度污染,2.3,玉龙新城,58,14,10,_,146,96,阜新,细颗粒物(PM2.5)
62,良,0.7,鼓山,30,50,67,65,44,5,福州,细颗粒物(PM2.5)
59,良,0.5,师大,_,45,66,68,41,8,福州,颗粒物(PM10)
70,良,1.2,五四北路,55,26,65,71,51,6,福州,细颗粒物(PM2.5)
59,良,0.7,杨桥西路,44,52,62,68,40,13,福州,颗粒物(PM10)
78,良,0.7,紫阳,65,23,59,72,57,12,福州,细颗粒物(PM2.5)
156,中度污染,1.1,桐源党溪,45,15,17,152,119,12,抚州,细颗粒物(PM2.5)
158,中度污染,1.0,市站,55,10,13,154,120,11,抚州,细颗粒物(PM2.5)
38,优,0.5,九龙,19,32,59,35,26,4,福州,_
152,中度污染,1.5,血防站,41,9,12,157,116,10,抚州,细颗粒物(PM2.5)
183,中度污染,1.8,采茶剧团,41,6,8,181,138,6,抚州,细颗粒物(PM2.5)
158,中度污染,1.2,医学分院,44,10,11,149,120,9,抚州,细颗粒物(PM2.5)
59,良,0.3,监测站,45,25,38,68,30,5,甘南州,颗粒物(PM10)
138,轻度污染,1.8,通天岩,22,52,75,122,105,22,赣州,细颗粒物(PM2.5)
149,轻度污染,1.9,地委,32,38,48,140,114,20,赣州,细颗粒物(PM2.5)
143,轻度污染,2.4,气象台,31,31,50,139,109,40,赣州,细颗粒物(PM2.5)
158,中度污染,1.7,市图书馆,30,42,58,155,120,20,赣州,细颗粒物(PM2.5)
138,轻度污染,2.9,华坚鞋城,39,37,56,154,105,29,赣州,细颗粒物(PM2.5)
50,优,0.4,州环保局,9,47,41,50,19,5,甘孜藏族自治州,_
57,良,0.3,水桥子,18,73,82,61,40,20,甘孜州,细颗粒物(PM2.5)
52,良,0.6,州环保局,5,92,105,53,34,2,甘孜州,颗粒物(PM10)
62,良,0.8,小平旧居,19,14,25,52,44,7,广安,细颗粒物(PM2.5)
59,良,1.1,市委,33,11,19,67,37,11,广安,颗粒物(PM10)
84,良,1.2,友谊中学,36,6,15,74,62,9,广安,细颗粒物(PM2.5)
57,良,1.1,广电花园,46,7,16,63,32,7,广安,颗粒物(PM10)
55,良,1.0,北辰小学,30,8,16,48,39,6,广安,细颗粒物(PM2.5)
56,良,0.8,黑石坡,27,62,71,61,21,14,广元,颗粒物(PM10)
55,良,0.8,老城,62,35,55,60,22,26,广元,颗粒物(PM10)
62,良,0.8,南坝,57,30,61,73,11,13,广元,颗粒物(PM10)
72,良,0.7,监测站,60,26,51,90,52,17,广元,细颗粒物(PM2.5)
178,中度污染,1.6,广雅中学,139,2,2,211,134,29,广州,细颗粒物(PM2.5)
142,轻度污染,1.6,市五中,57,3,3,124,108,26,广州,细颗粒物(PM2.5)
117,轻度污染,1.3,广东商学院,118,4,3,184,85,17,广州,颗粒物(PM10)
135,轻度污染,1.1,市八十六中,119,4,3,187,103,16,广州,细颗粒物(PM2.5)
255,重度污染,2.9,番禺中学,227,6,12,234,205,28,广州,细颗粒物(PM2.5)
125,轻度污染,0.7,德智高中,32,68,139,103,95,80,贵港,细颗粒物(PM2.5)
128,轻度污染,1.3,江南子站　,56,_,15,174,97,57,贵港,细颗粒物(PM2.5)
105,轻度污染,0.8,花都师范,50,68,31,104,79,31,广州,细颗粒物(PM2.5)
170,中度污染,1.5,市监测站,134,3,3,187,129,25,广州,细颗粒物(PM2.5)
108,轻度污染,0.9,九龙镇镇龙,38,30,12,_,81,25,广州,细颗粒物(PM2.5)
175,中度污染,1.8,麓湖,109,3,3,_,132,14,广州,细颗粒物(PM2.5)
122,轻度污染,1.2,贵城子站,55,7,28,148,92,23,贵港,细颗粒物(PM2.5)
125,轻度污染,1.4,荷城子站,60,10,28,152,95,18,贵港,细颗粒物(PM2.5)
152,中度污染,1.0,电子科大尧山校区,19,67,68,116,116,13,桂林,细颗粒物(PM2.5)
162,中度污染,1.1,监测站,37,37,57,_,123,19,桂林,细颗粒物(PM2.5)
138,轻度污染,0.9,龙隐路小学,30,46,57,106,105,16,桂林,细颗粒物(PM2.5)
166,中度污染,1.0,八中,35,41,48,_,126,16,桂林,细颗粒物(PM2.5)
84,良,0.8,帽峰山森林公园,28,93,110,64,62,25,广州,细颗粒物(PM2.5)
102,轻度污染,1.1,体育西,121,2,1,117,76,25,广州,细颗粒物(PM2.5)
60,良,0.6,马鞍山,16,53,55,49,43,8,贵阳,细颗粒物(PM2.5)
72,良,0.7,市环保站,41,58,55,63,52,27,贵阳,细颗粒物(PM2.5)
54,良,0.8,太慈桥,26,64,56,58,34,15,贵阳,颗粒物(PM10)
58,良,0.5,桐木岭,8,109,69,59,41,8,贵阳,细颗粒物(PM2.5)
79,良,0.8,燕子冲,15,66,54,78,58,10,贵阳,细颗粒物(PM2.5)
59,良,0.6,碧云窝,30,46,52,65,42,15,贵阳,细颗粒物(PM2.5)
52,良,1.0,玛沁县大武镇,10,28,58,51,36,60,果洛州,细颗粒物(PM2.5)
67,良,1.0,中院村,34,49,49,49,48,43,贵阳,细颗粒物(PM2.5)
72,良,0.8,红边门,30,66,63,67,52,20,贵阳,细颗粒物(PM2.5)
70,良,0.7,新华路,19,61,56,65,51,15,贵阳,细颗粒物(PM2.5)
67,良,0.7,鉴湖路,24,75,76,66,48,5,贵阳,细颗粒物(PM2.5)
57,良,1.1,马园,44,13,12,63,28,14,固原,颗粒物(PM10)
54,良,1.5,监测站,66,16,22,58,23,22,固原,颗粒物(PM10)
64,良,1.6,新区,68,5,5,77,40,11,固原,颗粒物(PM10)
64,良,1.2,岭北,44,47,45,61,46,48,哈尔滨,细颗粒物(PM2.5)
60,良,1.3,松北商大,47,38,21,69,38,33,哈尔滨,颗粒物(PM10)
52,良,0.4,阿城会宁,33,60,51,53,30,32,哈尔滨,颗粒物(PM10)
65,良,0.3,太平宏伟公园,68,16,21,80,37,83,哈尔滨,颗粒物(PM10)
66,良,1.2,道外承德广场,63,19,16,81,41,80,哈尔滨,颗粒物(PM10)
55,良,0.7,海晏县西海镇,22,54,55,60,30,17,海北州,颗粒物(PM10)
67,良,0.9,香坊红旗大街,65,19,22,75,48,76,哈尔滨,细颗粒物(PM2.5)
70,良,1.2,动力和平路,70,14,32,89,44,99,哈尔滨,颗粒物(PM10)
71,良,1.4,道里建国路,58,29,17,92,50,62,哈尔滨,颗粒物(PM10)
57,良,1.5,平房东轻厂,26,51,52,63,39,27,哈尔滨,颗粒物(PM10)
115,轻度污染,2.2,平安高铁新区,59,4,5,118,87,53,海东地区,细颗粒物(PM2.5)
87,良,0.9,呼兰师专,53,24,16,79,64,30,哈尔滨,细颗粒物(PM2.5)
59,良,1.4,省农科院,52,35,23,67,41,38,哈尔滨,颗粒物(PM10)
52,良,0.3,秀英海南医院,8,59,61,54,32,6,海口,颗粒物(PM10)
38,优,0.6,蓓蕾幼儿园,19,33,42,38,20,6,海门,_
241,重度污染,1.9,社会福利院,31,80,69,230,191,10,海门,细颗粒物(PM2.5)
49,优,0.5,海南师范大学,10,76,78,49,29,6,海口,_
52,良,0.7,龙华路环保局宿舍,19,51,61,54,29,8,海口,颗粒物(PM10)
50,优,2.0,共和县恰卜恰镇,27,34,34,50,32,8,海南州,_
33,优,0.5,德令哈市,4,78,76,33,18,17,海西州,_
43,优,2.3,地区监测站,18,48,33,_,30,23,哈密地区,_
42,优,2.3,哈密师范学校,45,38,18,42,25,20,哈密地区,_
401,严重污染,5.4,环保局,98,3,2,448,351,32,邯郸,细颗粒物(PM2.5)
387,严重污染,5.1,东污水处理厂,89,7,6,483,337,36,邯郸,细颗粒物(PM2.5)
429,严重污染,5.6,矿院,86,2,2,517,393,39,邯郸,细颗粒物(PM2.5)
378,严重污染,5.3,丛台公园,93,1,_,445,328,38,邯郸,细颗粒物(PM2.5)
112,轻度污染,1.3,滨江,71,4,4,137,84,21,杭州,细颗粒物(PM2.5)
172,中度污染,1.3,西溪,83,9,9,206,130,13,杭州,细颗粒物(PM2.5)
64,良,1.2,千岛湖,61,7,4,53,46,8,杭州,细颗粒物(PM2.5)
149,轻度污染,1.0,下沙,73,2,7,141,114,15,杭州,细颗粒物(PM2.5)
130,轻度污染,1.2,卧龙桥,61,1,1,162,99,14,杭州,细颗粒物(PM2.5)
156,中度污染,1.4,浙江农大,65,3,3,202,119,13,杭州,细颗粒物(PM2.5)
215,重度污染,1.6,朝晖五区,86,3,3,243,165,22,杭州,细颗粒物(PM2.5)
166,中度污染,1.3,和睦小学,80,2,2,205,126,13,杭州,细颗粒物(PM2.5)
140,轻度污染,0.9,临平镇,59,7,2,180,107,9,杭州,细颗粒物(PM2.5)
159,中度污染,1.2,城厢镇,71,6,6,204,121,20,杭州,细颗粒物(PM2.5)
142,轻度污染,1.3,云栖,61,3,3,165,108,13,杭州,细颗粒物(PM2.5)
79,良,0.7,汉川机床厂子校,11,36,41,74,58,6,汉中,细颗粒物(PM2.5)
145,轻度污染,2.4,市监测站,42,5,6,128,111,16,汉中,细颗粒物(PM2.5)
158,中度污染,2.2,鑫源开发区,64,9,9,165,120,23,汉中,细颗粒物(PM2.5)
134,轻度污染,1.8,南郑大河坎水厂,31,8,9,133,102,29,汉中,细颗粒物(PM2.5)
118,轻度污染,0.7,东仁乐园,38,6,14,113,89,5,河池,细颗粒物(PM2.5)
138,轻度污染,2.3,市环保站,37,5,6,215,105,9,河池,细颗粒物(PM2.5)
153,中度污染,0.9,市疾控中心,43,3,3,138,117,12,河池,细颗粒物(PM2.5)
118,轻度污染,1.6,市监测站,66,18,10,159,89,16,鹤壁,细颗粒物(PM2.5)
342,严重污染,3.1,市交警支队,108,16,13,453,285,20,鹤壁,颗粒物(PM10)
295,重度污染,3.7,迎宾馆,104,12,9,416,239,17,鹤壁,颗粒物(PM10)
173,中度污染,1.7,明珠广场,67,2,7,_,131,9,合肥,细颗粒物(PM2.5)
195,中度污染,1.3,三里街,71,6,20,_,146,2,合肥,细颗粒物(PM2.5)
183,中度污染,1.5,琥珀山庄,63,5,22,_,138,6,合肥,细颗粒物(PM2.5)
148,轻度污染,1.0,董铺水库,32,27,30,_,113,5,合肥,细颗粒物(PM2.5)
182,中度污染,1.6,长江中路,58,7,22,_,137,9,合肥,细颗粒物(PM2.5)
202,重度污染,1.2,庐阳区,54,11,26,_,152,9,合肥,细颗粒物(PM2.5)
201,重度污染,1.3,瑶海区,72,13,30,_,151,2,合肥,细颗粒物(PM2.5)
212,重度污染,1.6,包河区,57,18,21,_,162,2,合肥,细颗粒物(PM2.5)
207,重度污染,1.4,滨湖新区,78,2,18,_,157,4,合肥,细颗粒物(PM2.5)
201,重度污染,1.3,高新区,54,7,23,_,151,3,合肥,细颗粒物(PM2.5)
103,轻度污染,2.4,哈啤分公司,73,14,26,125,77,19,鹤岗,细颗粒物(PM2.5)
105,轻度污染,1.2,斯达机电,48,29,38,123,79,19,鹤岗,细颗粒物(PM2.5)
500,严重污染,7.9,东山纸板厂,72,7,6,790,289,29,鹤岗,颗粒物(PM10)
31,优,0.4,五号水库,11,53,50,31,9,5,鹤岗,_
56,良,1.4,交通局　,26,68,68,61,30,55,黑河,颗粒物(PM10)
62,良,0.9,党校,17,71,69,63,44,78,黑河,细颗粒物(PM2.5)
104,轻度污染,1.0,地震局　,25,61,61,121,78,60,黑河,细颗粒物(PM2.5)
358,严重污染,3.4,电机北厂,80,3,4,407,308,19,衡水,细颗粒物(PM2.5)
331,严重污染,2.9,市监测站,78,7,7,430,281,23,衡水,细颗粒物(PM2.5)
371,严重污染,3.0,市环保局,83,8,9,431,321,21,衡水,细颗粒物(PM2.5)
231,重度污染,1.2,原169医院,44,15,21,182,181,7,衡阳,细颗粒物(PM2.5)
222,重度污染,1.5,衡阳化工总厂,23,15,21,197,172,19,衡阳,细颗粒物(PM2.5)
227,重度污染,1.6,珠晖区环保局,46,9,15,185,177,19,衡阳,细颗粒物(PM2.5)
234,重度污染,1.5,市委党校,31,14,22,_,184,13,衡阳,细颗粒物(PM2.5)
222,重度污染,1.5,市监测站,41,13,22,_,172,15,衡阳,细颗粒物(PM2.5)
209,重度污染,4.1,地区站,28,36,43,356,78,19,和田地区,颗粒物(PM10)
153,中度污染,2.3,古江巴格乡院内,27,40,36,255,97,23,和田地区,颗粒物(PM10)
233,重度污染,1.4,真空机电公司,43,8,18,204,183,34,衡阳,细颗粒物(PM2.5)
70,良,0.9,源西,51,33,43,71,51,9,河源,细颗粒物(PM2.5)
87,良,1.1,东埔,44,25,37,65,64,13,河源,细颗粒物(PM2.5)
71,良,1.2,老城,57,4,9,92,49,14,河源,颗粒物(PM10)
277,重度污染,2.3,市气象局,51,19,26,342,227,6,菏泽,细颗粒物(PM2.5)
258,重度污染,2.5,市政协,40,33,37,287,208,6,菏泽,细颗粒物(PM2.5)
265,重度污染,2.7,菏泽学院,51,28,33,282,215,7,菏泽,细颗粒物(PM2.5)
158,中度污染,1.2,环保小区,19,46,49,144,120,14,贺州,细颗粒物(PM2.5)
143,轻度污染,1.6,政协大楼,24,49,43,132,109,12,贺州,细颗粒物(PM2.5)
57,良,0.7,污水处理厂,14,39,55,44,40,14,红河州,细颗粒物(PM2.5)
53,良,0.6,监测站,8,61,61,50,37,9,红河州,细颗粒物(PM2.5)
63,良,0.7,州图书馆,12,52,60,_,45,6,红河州,细颗粒物(PM2.5)
125,轻度污染,1.5,钵池山,60,30,31,159,95,8,淮安,细颗粒物(PM2.5)
143,轻度污染,2.1,北京南路,57,34,49,186,109,15,淮安,细颗粒物(PM2.5)
130,轻度污染,1.4,市监测站,74,33,44,169,99,15,淮安,细颗粒物(PM2.5)
147,轻度污染,1.6,楚州区监测站,63,27,44,198,112,20,淮安,细颗粒物(PM2.5)
140,轻度污染,1.7,淮阴区监测站,87,16,31,189,107,9,淮安,细颗粒物(PM2.5)
218,重度污染,2.1,监测站,73,10,21,242,168,21,淮北,细颗粒物(PM2.5)
319,严重污染,1.8,烈山区政府,85,3,31,274,269,147,淮北,细颗粒物(PM2.5)
255,重度污染,2.2,职业技术学院,75,6,20,243,205,19,淮北,细颗粒物(PM2.5)
140,轻度污染,1.3,林科所,21,57,63,145,107,11,怀化,细颗粒物(PM2.5)
138,轻度污染,0.8,河西地税局,20,61,72,125,105,8,怀化,细颗粒物(PM2.5)
130,轻度污染,1.2,市四医院,21,68,68,143,99,16,怀化,细颗粒物(PM2.5)
166,中度污染,1.2,监测楼,18,68,68,_,126,13,怀化,细颗粒物(PM2.5)
160,中度污染,1.1,市委党校,25,62,61,172,122,27,怀化,细颗粒物(PM2.5)
217,重度污染,1.2,潘集区政府,54,16,28,207,167,14,淮南,细颗粒物(PM2.5)
217,重度污染,1.9,师范学院,79,8,17,198,167,19,淮南,细颗粒物(PM2.5)
221,重度污染,1.4,谢家集区政府,60,8,24,203,171,29,淮南,细颗粒物(PM2.5)
207,重度污染,1.3,八公山区政府,64,11,20,172,157,57,淮南,细颗粒物(PM2.5)
206,重度污染,1.1,焦岗湖风景区管理处,45,2,8,161,156,10,淮南,细颗粒物(PM2.5)
210,重度污染,1.4,益益乳业工业园,75,6,22,184,160,33,淮南,细颗粒物(PM2.5)
176,中度污染,2.0,职工中心,27,16,25,167,133,3,黄冈,细颗粒物(PM2.5)
166,中度污染,1.5,红卫路,24,15,23,190,126,9,黄冈,细颗粒物(PM2.5)
52,良,1.2,同仁县隆务镇,28,39,60,53,35,51,黄南州,颗粒物(PM10)
93,良,1.1,黄山区政府5号楼,28,23,18,90,69,15,黄山,细颗粒物(PM2.5)
107,轻度污染,1.1,延安路89号,21,25,21,111,80,7,黄山,细颗粒物(PM2.5)
90,良,1.0,黄山东路89号,37,16,18,75,67,4,黄山,细颗粒物(PM2.5)
133,轻度污染,2.5,呼市一监,61,16,21,153,101,46,呼和浩特,细颗粒物(PM2.5)
74,良,2.6,小召,73,9,11,97,47,59,呼和浩特,颗粒物(PM10)
195,中度污染,1.8,沈家营,39,13,15,221,146,19,黄石,细颗粒物(PM2.5)
68,良,1.5,兴松小区,75,7,8,86,28,57,呼和浩特,颗粒物(PM10)
127,轻度污染,4.3,糖厂,71,5,5,164,96,57,呼和浩特,细颗粒物(PM2.5)
72,良,1.5,如意水处理厂,57,2,2,78,52,40,呼和浩特,细颗粒物(PM2.5)
179,中度污染,1.8,陈家湾,44,6,7,188,135,9,黄石,细颗粒物(PM2.5)
62,良,0.7,经济开发区,22,99,49,68,44,5,黄石,细颗粒物(PM2.5)
221,重度污染,1.9,团城山,33,18,17,195,171,10,黄石,细颗粒物(PM2.5)
118,轻度污染,1.3,河南岸金山湖子站,65,9,18,100,89,18,惠州,细颗粒物(PM2.5)
69,良,1.7,二十九中,62,9,10,87,33,26,呼和浩特,颗粒物(PM10)
78,良,1.7,工大金川校区,65,5,6,106,52,62,呼和浩特,颗粒物(PM10)
80,良,2.4,化肥厂生活区,56,7,11,95,59,25,呼和浩特,细颗粒物(PM2.5)
200,中度污染,1.7,笔架山北路,49,3,6,199,150,6,黄石,细颗粒物(PM2.5)
190,中度污染,2.9,龙港区,87,21,26,154,143,85,葫芦岛,细颗粒物(PM2.5)
123,轻度污染,3.3,化工街,68,3,_,130,93,72,葫芦岛,细颗粒物(PM2.5)
82,良,2.9,新区,94,16,19,110,60,95,葫芦岛,细颗粒物(PM2.5)
160,中度污染,3.3,东城区,52,8,6,159,122,103,葫芦岛,细颗粒物(PM2.5)
127,轻度污染,1.2,下埔横江三路子站,74,8,22,_,96,26,惠州,细颗粒物(PM2.5)
97,良,1.3,江北云山西路子站,78,4,16,109,72,15,惠州,细颗粒物(PM2.5)
87,良,1.3,惠阳区承修路船湖子站,44,26,48,_,64,9,惠州,细颗粒物(PM2.5)
107,轻度污染,1.4,大亚湾管委会子站,71,12,36,_,80,16,惠州,细颗粒物(PM2.5)
22,优,0.4,区环保局,21,47,57,22,5,6,呼伦贝尔,_
27,优,0.6,国华电力东,16,57,66,27,18,5,呼伦贝尔,_
122,轻度污染,0.8,城西水厂,59,21,15,121,92,12,湖州,细颗粒物(PM2.5)
124,轻度污染,1.4,佳纺,52,15,13,109,94,18,佳木斯,细颗粒物(PM2.5)
109,轻度污染,1.1,发电厂,36,27,18,93,82,6,佳木斯,细颗粒物(PM2.5)
201,重度污染,1.757,吉山新村,145,8,11,194,151,35,湖州,细颗粒物(PM2.5)
149,轻度污染,1.0,仁皇山新区,47,13,14,_,114,15,湖州,细颗粒物(PM2.5)
32,优,0.511,吴兴区,15,102,82,25,20,12,湖州,_
152,中度污染,1.2,吴兴区站,45,27,15,134,116,17,湖州,细颗粒物(PM2.5)
139,轻度污染,1.8,环保局,63,9,7,123,106,19,佳木斯,细颗粒物(PM2.5)
107,轻度污染,1.5,十一中,70,6,3,128,80,38,佳木斯,细颗粒物(PM2.5)
79,良,1.3,四丰,64,22,62,66,58,16,佳木斯,细颗粒物(PM2.5)
152,中度污染,1.3,红声器材厂,30,20,31,133,116,34,吉安,细颗粒物(PM2.5)
139,轻度污染,0.3,市森林工业局,41,15,28,145,106,32,吉安,细颗粒物(PM2.5)
163,中度污染,1.4,市环境监测站,55,7,18,177,124,30,吉安,细颗粒物(PM2.5)
128,轻度污染,1.3,青原区法院,52,15,30,158,97,34,吉安,细颗粒物(PM2.5)
211,重度污染,1.5,北街,140,5,8,251,161,46,江门,细颗粒物(PM2.5)
162,中度污染,1.8,西区,126,5,6,201,123,42,江门,细颗粒物(PM2.5)
127,轻度污染,2.2,圭峰西,77,3,20,114,96,13,江门,细颗粒物(PM2.5)
155,中度污染,1.5,东湖,118,4,4,253,118,40,江门,细颗粒物(PM2.5)
298,重度污染,2.4,虹桥邮政,93,28,22,314,248,37,江阴,细颗粒物(PM2.5)
306,严重污染,2.4,五星公园,71,24,12,303,256,20,江阴,细颗粒物(PM2.5)
314,严重污染,1.7,第二实验小学,63,59,50,341,264,19,江阴,细颗粒物(PM2.5)
149,轻度污染,1.6,JN子站,75,7,15,203,114,20,胶南,细颗粒物(PM2.5)
87,良,1.2,2号子站,57,27,28,121,64,11,胶南,细颗粒物(PM2.5)
97,良,2.0,胶州环保局,88,6,5,132,72,33,胶州,细颗粒物(PM2.5)
93,良,1.5,胶州一中,81,9,10,118,69,22,胶州,细颗粒物(PM2.5)
75,良,2.2,市监测站　,63,17,12,99,49,67,焦作,颗粒物(PM10)
81,良,2.0,市环保局　,_,27,17,111,49,76,焦作,颗粒物(PM10)
78,良,2.0,高新区政府,63,19,7,105,55,36,焦作,颗粒物(PM10)
55,良,1.6,影视城,37,43,25,59,39,45,焦作,"颗粒物(PM10)
细颗粒物(PM2.5)"
193,中度污染,1.5,清河小学,62,15,25,_,145,14,嘉兴,细颗粒物(PM2.5)
188,中度污染,1.1,嘉兴学院,64,12,27,170,141,17,嘉兴,细颗粒物(PM2.5)
203,重度污染,1.4,南湖区残联,68,4,19,201,153,26,嘉兴,细颗粒物(PM2.5)
26,优,1.4,气象局,51,39,72,18,14,50,嘉峪关,_
18,优,1.1,酒钢宾馆,36,51,70,12,5,43,嘉峪关,_
93,良,1.1,新兴,50,15,54,_,69,15,揭阳,细颗粒物(PM2.5)
172,中度污染,1.4,西马,58,16,45,132,130,19,揭阳,细颗粒物(PM2.5)
114,轻度污染,1.1,东兴,54,12,42,_,86,15,揭阳,细颗粒物(PM2.5)
113,轻度污染,0.8,渔湖,46,22,49,_,85,11,揭阳,细颗粒物(PM2.5)
54,良,1.0,哈达湾,46,49,53,57,32,34,吉林,颗粒物(PM10)
34,优,0.9,东局子,26,61,62,34,21,47,吉林,_
60,良,1.5,电力学院,52,40,27,59,43,26,吉林,细颗粒物(PM2.5)
42,优,1.0,江北,27,65,52,42,17,63,吉林,_
51,良,0.9,江南公园,54,42,56,51,30,45,吉林,颗粒物(PM10)
45,优,0.8,丰满,5,72,76,45,23,8,吉林,_
49,优,0.9,九站,24,66,36,49,26,20,吉林,_
89,良,1.8,环保局子站,89,_,6,127,40,31,即墨,颗粒物(PM10)
80,良,1.3,开发区子站,60,12,20,109,54,24,即墨,颗粒物(PM10)
288,重度污染,1.8,科干所,36,69,70,352,238,19,济南,细颗粒物(PM2.5)
259,重度污染,2.1,农科所,62,39,40,308,209,25,济南,细颗粒物(PM2.5)
312,严重污染,2.0,开发区,60,27,41,319,262,18,济南,细颗粒物(PM2.5)
271,重度污染,1.8,济南化工厂,83,23,33,283,221,27,济南,细颗粒物(PM2.5)
327,严重污染,1.8,省种子仓库,68,12,13,308,277,18,济南,细颗粒物(PM2.5)
299,重度污染,1.7,机床二厂,75,42,44,306,249,26,济南,细颗粒物(PM2.5)
287,重度污染,1.9,市监测站,87,22,47,380,237,28,济南,细颗粒物(PM2.5)
311,严重污染,1.9,长清党校,41,42,43,330,261,28,济南,细颗粒物(PM2.5)
79,良,1.4,市科委,51,25,33,108,48,53,金昌,颗粒物(PM10)
53,良,0.8,新川苑,27,37,39,55,21,26,金昌,颗粒物(PM10)
66,良,1.3,公司二招,42,30,36,81,29,48,金昌,颗粒物(PM10)
78,良,1.8,自来水公司,43,46,46,85,57,70,晋城,细颗粒物(PM2.5)
89,良,1.8,白云商贸,56,28,48,128,53,60,晋城,颗粒物(PM10)
78,良,1.6,市环保局,44,23,20,94,57,63,晋城,细颗粒物(PM2.5)
74,良,1.6,技术学院,47,28,28,97,40,59,晋城,颗粒物(PM10)
87,良,1.7,泽州一中,52,28,42,124,51,63,晋城,颗粒物(PM10)
67,良,1.1,白马寺,33,60,68,83,38,42,晋城,颗粒物(PM10)
51,良,0.9,王岗中学,13,2,1,51,33,5,景德镇,颗粒物(PM10)
129,轻度污染,1.4,老干部活动中心,24,2,14,102,98,19,景德镇,细颗粒物(PM2.5)
84,良,1.6,兽医站,40,2,12,111,62,14,景德镇,细颗粒物(PM2.5)
107,轻度污染,1.3,台达陶瓷,32,1,1,124,80,41,景德镇,细颗粒物(PM2.5)
97,良,1.0,陶研所,20,2,11,80,72,10,景德镇,细颗粒物(PM2.5)
345,严重污染,2.2,竹园小学,74,14,43,_,295,22,荆门,细颗粒物(PM2.5)
100,良,1.1,西山林语(启用161103),35,23,25,138,75,5,荆门,细颗粒物(PM2.5)
342,严重污染,2.6,市图书馆,78,28,43,407,292,26,荆州,细颗粒物(PM2.5)
312,严重污染,3.2,市委党校,74,5,16,347,262,46,荆州,细颗粒物(PM2.5)
330,严重污染,3.1,科融环保,69,7,27,328,280,21,荆州,细颗粒物(PM2.5)
76,良,1.0,十五中,47,10,16,102,47,19,金华,颗粒物(PM10)
60,良,1.1,监测站,41,10,14,70,38,10,金华,颗粒物(PM10)
65,良,0.8,武警支队,50,2,5,61,47,19,金华,细颗粒物(PM2.5)
232,重度污染,1.4,火炬城,29,66,62,238,182,19,济宁,细颗粒物(PM2.5)
189,中度污染,1.6,监测站,47,55,58,227,142,21,济宁,细颗粒物(PM2.5)
216,重度污染,1.7,电化厂,59,21,28,268,166,16,济宁,细颗粒物(PM2.5)
322,严重污染,1.7,金坛市环境监测站,49,3,2,346,272,3,金坛,细颗粒物(PM2.5)
375,严重污染,1.9,金坛市自来水公司,53,14,19,_,325,12,金坛,细颗粒物(PM2.5)
104,轻度污染,2.8,锦纶小区,68,3,3,151,78,209,晋中,细颗粒物(PM2.5)
127,轻度污染,3.5,南都小区,68,6,6,203,74,168,晋中,颗粒物(PM10)
144,轻度污染,3.5,榆次区政府,69,7,7,237,104,153,晋中,颗粒物(PM10)
108,轻度污染,2.4,榆次三中,75,12,12,142,81,197,晋中,细颗粒物(PM2.5)
230,重度污染,3.6,南山,68,8,8,275,180,133,锦州,细颗粒物(PM2.5)
122,轻度污染,2.9,开发区,90,4,4,154,92,206,锦州,细颗粒物(PM2.5)
212,重度污染,3.6,北湖公园,78,11,12,_,162,311,锦州,细颗粒物(PM2.5)
210,重度污染,3.6,百股街道,67,10,7,172,160,118,锦州,细颗粒物(PM2.5)
224,重度污染,3.9,天安街道,64,8,6,_,174,116,锦州,细颗粒物(PM2.5)
205,重度污染,1.0,十里,63,2,10,_,155,21,九江,细颗粒物(PM2.5)
179,中度污染,0.6,茅山头,56,9,16,_,135,10,九江,细颗粒物(PM2.5)
196,中度污染,1.5,西园,46,2,11,_,147,25,九江,细颗粒物(PM2.5)
188,中度污染,1.4,五七二七厂,32,10,13,_,141,14,九江,细颗粒物(PM2.5)
220,重度污染,1.1,石化总厂,46,8,13,_,170,10,九江,细颗粒物(PM2.5)
51,良,1.1,仓门街子站,57,28,42,51,25,33,酒泉,颗粒物(PM10)
35,优,0.6,富康家世界子站,31,54,58,35,12,12,酒泉,_
50,优,0.3,庐山气象台,3,132,138,50,30,15,九江,_
163,中度污染,2.1,环保局　,55,20,22,167,124,45,鸡西,细颗粒物(PM2.5)
88,良,1.7,自来水公司　,54,8,9,_,65,11,鸡西,细颗粒物(PM2.5)
225,重度污染,2.7,白酒厂　,50,20,14,223,175,51,鸡西,细颗粒物(PM2.5)
59,良,1.0,气象局　,19,43,48,54,42,22,鸡西,细颗粒物(PM2.5)
373,严重污染,1.5,消防指挥中心,18,8,21,331,323,14,句容,细颗粒物(PM2.5)
296,重度污染,1.6,房家坝,97,108,120,298,246,15,句容,细颗粒物(PM2.5)
404,严重污染,3.1,肿瘤医院,67,_,_,374,356,29,开封,细颗粒物(PM2.5)
418,严重污染,2.5,妇幼保健院,76,_,_,_,376,21,开封,细颗粒物(PM2.5)
426,严重污染,2.9,世纪星幼儿园,79,3,5,400,389,45,开封,细颗粒物(PM2.5)
298,重度污染,1.9,巡警大队,22,33,29,418,72,5,喀什地区,颗粒物(PM10)
181,中度污染,3.4,市环境监测站,25,6,4,312,126,4,喀什地区,颗粒物(PM10)
58,良,0.9,长征新村,47,17,37,51,41,10,克拉玛依,细颗粒物(PM2.5)
59,良,1.2,白碱滩区,22,8,21,53,42,5,克拉玛依,细颗粒物(PM2.5)
183,中度污染,1.6,独山子区,40,43,45,219,138,11,克拉玛依,细颗粒物(PM2.5)
92,良,0.8,乌尔禾区商贸楼,38,9,15,_,68,7,克拉玛依,细颗粒物(PM2.5)
169,中度污染,1.2,市人民政府,6,68,69,287,51,3,克州,颗粒物(PM10)
65,良,2.0,孔雀公园,63,4,26,80,46,2,库尔勒,颗粒物(PM10)
47,优,1.7,棉纺厂,38,10,41,47,27,8,库尔勒,_
99,良,2.0,关上,63,5,4,148,71,24,昆明,颗粒物(PM10)
50,优,1.7,呈贡新区,63,13,10,42,35,11,昆明,_
66,良,1.0,经济开发区,40,19,46,81,8,8,库尔勒,颗粒物(PM10)
38,优,0.9,西山森林公园,6,69,66,_,26,8,昆明,_
89,良,1.5,龙泉镇,42,5,6,127,41,11,昆明,颗粒物(PM10)
92,良,1.4,东风东路,61,_,6,134,56,14,昆明,颗粒物(PM10)
83,良,1.4,金鼎山,20,4,5,116,57,17,昆明,颗粒物(PM10)
99,良,1.4,碧鸡广场,38,4,4,115,74,13,昆明,细颗粒物(PM2.5)
279,重度污染,1.6,昆山实验小学,72,19,37,315,229,15,昆山,细颗粒物(PM2.5)
172,中度污染,2.2,来宾二中,52,17,15,159,130,40,来宾,细颗粒物(PM2.5)
186,中度污染,1.9,来冶招待所,41,30,14,150,140,41,来宾,细颗粒物(PM2.5)
312,严重污染,2.7,技术学院,50,42,42,305,262,50,莱芜,细颗粒物(PM2.5)
299,重度污染,2.3,泰兴公司,87,24,5,356,249,39,莱芜,细颗粒物(PM2.5)
312,严重污染,2.2,莱芜战役纪念馆,66,19,28,331,262,52,莱芜,细颗粒物(PM2.5)
198,中度污染,5.6,环保局子站,76,19,10,263,148,108,莱西,细颗粒物(PM2.5)
185,中度污染,4.4,人民广场子站,60,8,6,231,139,48,莱西,细颗粒物(PM2.5)
91,良,1.7,莱州环保局,46,35,35,131,35,28,莱州,颗粒物(PM10)
69,良,1.5,莱州外经委,61,26,26,87,45,31,莱州,颗粒物(PM10)
179,中度污染,3.6,药材公司,81,4,4,230,135,32,廊坊,细颗粒物(PM2.5)
186,中度污染,3.1,开发区,93,5,5,247,140,26,廊坊,细颗粒物(PM2.5)
186,中度污染,3.1,北华航天学院,94,3,3,222,140,30,廊坊,细颗粒物(PM2.5)
175,中度污染,2.8,河北工业大学,85,2,2,220,132,27,廊坊,细颗粒物(PM2.5)
143,轻度污染,3.1,职工医院,92,6,5,236,94,38,兰州,颗粒物(PM10)
102,轻度污染,2.7,兰炼宾馆,24,6,5,153,75,79,兰州,颗粒物(PM10)
73,良,1.4,榆中兰大校区,33,34,34,95,39,30,兰州,颗粒物(PM10)
128,轻度污染,2.6,生物制品所,78,3,3,206,82,35,兰州,颗粒物(PM10)
115,轻度污染,5.0,铁路设计院,83,4,4,179,85,90,兰州,颗粒物(PM10)
34,优,0.5,八廓街,17,52,49,34,23,5,拉萨,_
65,良,0.9,市环保局,44,22,26,80,19,5,拉萨,颗粒物(PM10)
22,优,0.6,区监测站,32,35,35,22,2,2,拉萨,_
26,优,0.4,西藏大学,10,48,46,26,9,2,拉萨,_
52,良,0.7,区辐射站,54,12,34,53,18,10,拉萨,颗粒物(PM10)
52,良,0.4,拉萨火车站,42,16,17,54,15,6,拉萨,颗粒物(PM10)
45,优,0.4,乐山大佛景区,8,143,70,37,17,3,乐山,_
109,轻度污染,1.2,牛耳桥,59,1,32,104,82,14,乐山,细颗粒物(PM2.5)
89,良,1.0,市第三水厂,60,2,35,96,66,14,乐山,细颗粒物(PM2.5)
103,轻度污染,1.0,市监测站,45,8,33,89,77,7,乐山,细颗粒物(PM2.5)
99,良,1.0,花湖湾,40,25,40,92,74,9,乐山,细颗粒物(PM2.5)
54,良,0.9,青龙寺,24,37,51,45,38,13,凉山州,细颗粒物(PM2.5)
57,良,0.8,邛海宾馆,34,59,42,59,40,19,凉山州,细颗粒物(PM2.5)
138,轻度污染,1.9,市环境监测站,88,18,11,175,105,54,连云港,细颗粒物(PM2.5)
20,优,0.4,墟沟核电专家村,25,64,66,14,11,13,连云港,_
112,轻度污染,2.0,胡沟管理处,87,3,12,138,84,34,连云港,细颗粒物(PM2.5)
64,良,1.0,西昌市政府,44,30,45,77,43,15,凉山州,颗粒物(PM10)
60,良,0.9,凉山州政府,35,48,44,67,43,17,凉山州,细颗粒物(PM2.5)
73,良,0.9,长安,80,11,36,78,53,19,凉山州,细颗粒物(PM2.5)
160,中度污染,2.2,矿山设计院,77,13,7,192,122,46,连云港,细颗粒物(PM2.5)
120,轻度污染,1.8,德源药业(直管站),87,5,5,152,91,28,连云港,细颗粒物(PM2.5)
350,严重污染,2.2,区政府,47,23,19,398,300,16,聊城,细颗粒物(PM2.5)
341,严重污染,2.8,党校,48,21,19,378,291,12,聊城,细颗粒物(PM2.5)
365,严重污染,2.4,聊大东校,50,22,16,471,315,11,聊城,细颗粒物(PM2.5)
64,良,1.5,宏伟区,62,23,43,78,46,30,辽阳,"颗粒物(PM10)
细颗粒物(PM2.5)"
94,良,1.6,新华园,66,14,34,97,70,43,辽阳,细颗粒物(PM2.5)
73,良,1.3,滨河路,43,27,42,68,53,17,辽阳,细颗粒物(PM2.5)
97,良,2.4,铁西工业园,69,10,26,110,72,61,辽阳,细颗粒物(PM2.5)
59,良,2.9,环保局,71,7,7,57,42,40,辽源,细颗粒物(PM2.5)
88,良,2.2,污水处理厂,70,4,5,77,65,22,辽源,细颗粒物(PM2.5)
62,良,1.4,西南郊,28,31,42,73,13,26,丽江,颗粒物(PM10)
54,良,1.2,丽江古城,32,24,56,57,36,11,丽江,颗粒物(PM10)
57,良,0.9,市中心,37,14,50,_,40,6,丽江,细颗粒物(PM2.5)
170,中度污染,1.1,市政府,57,38,38,228,129,13,临安,细颗粒物(PM2.5)
199,中度污染,1.3,四中,62,31,31,256,149,19,临安,细颗粒物(PM2.5)
55,良,0.9,市环保局,22,29,38,50,39,9,临沧,细颗粒物(PM2.5)
25,优,1.1,市气象局,17,9,18,22,17,32,临沧,_
206,重度污染,3.8,临钢医院,53,10,9,235,156,205,临汾,细颗粒物(PM2.5)
140,轻度污染,2.3,技工学校,64,4,4,176,107,161,临汾,细颗粒物(PM2.5)
165,中度污染,1.8,工商学校,62,14,17,173,125,173,临汾,细颗粒物(PM2.5)
137,轻度污染,2.5,市委,58,2,3,147,104,125,临汾,细颗粒物(PM2.5)
240,重度污染,4.4,南机场,45,6,6,240,190,115,临汾,细颗粒物(PM2.5)
156,中度污染,2.7,唐尧大酒店,62,7,8,207,119,165,临汾,细颗粒物(PM2.5)
84,良,3.2,环保局,45,4,5,81,62,34,临夏州,细颗粒物(PM2.5)
67,良,2.3,州委党校,22,24,18,84,37,10,临夏州,颗粒物(PM10)
206,重度污染,2.0,沂河小区,77,10,8,288,156,59,临沂,细颗粒物(PM2.5)
250,重度污染,2.7,鲁南制药厂,94,3,4,322,200,48,临沂,细颗粒物(PM2.5)
256,重度污染,2.9,新光毛纺厂,109,4,4,340,206,60,临沂,细颗粒物(PM2.5)
244,重度污染,3.3,河东保险公司,85,3,3,274,194,31,临沂,细颗粒物(PM2.5)
13,优,0.5,林芝监测站,6,40,45,9,2,4,林芝,_
25,优,0.4,林芝人民医院,13,39,48,25,8,4,林芝,_
16,优,0.4,林芝监测站,3,51,35,11,4,6,林芝地区,_
22,优,0.3,林芝人民医院,9,52,36,22,4,1,林芝地区,_
193,中度污染,1.0,监测站大楼,45,8,12,_,145,8,丽水,细颗粒物(PM2.5)
168,中度污染,1.0,莲都小学,47,11,14,141,127,6,丽水,细颗粒物(PM2.5)
142,轻度污染,0.9,余庄前,37,11,13,118,108,8,丽水,细颗粒物(PM2.5)
84,良,0.8,窑上,18,100,90,_,62,15,六盘水,细颗粒物(PM2.5)
77,良,1.0,黄土坡,23,125,114,_,56,32,六盘水,细颗粒物(PM2.5)
84,良,0.8,水钢,21,108,95,95,62,39,六盘水,细颗粒物(PM2.5)
79,良,1.1,民中,31,91,86,91,58,29,六盘水,细颗粒物(PM2.5)
104,轻度污染,0.7,双水,9,105,99,91,78,10,六盘水,细颗粒物(PM2.5)
228,重度污染,1.4,溧阳市东门子站,56,19,18,207,178,31,溧阳,细颗粒物(PM2.5)
229,重度污染,1.5,燕山子站,65,9,9,209,179,15,溧阳,细颗粒物(PM2.5)
125,轻度污染,0.9,柳东小学,20,66,74,_,95,15,柳州,细颗粒物(PM2.5)
122,轻度污染,1.3,环保监测站,45,26,27,138,92,17,柳州,细颗粒物(PM2.5)
85,良,0.9,河西水厂,18,51,46,70,63,40,柳州,细颗粒物(PM2.5)
135,轻度污染,1.4,市四中,57,18,24,125,103,19,柳州,细颗粒物(PM2.5)
142,轻度污染,1.4,市九中,48,14,24,114,108,32,柳州,细颗粒物(PM2.5)
130,轻度污染,1.0,古亭山,29,50,27,102,99,11,柳州,细颗粒物(PM2.5)
57,良,0.5,汉王镇固水子,26,1,2,63,24,27,陇南,颗粒物(PM10)
66,良,1.2,滨江中学,60,2,3,81,41,24,陇南,颗粒物(PM10)
89,良,1.1,龙岩师专,45,7,3,82,66,22,龙岩,细颗粒物(PM2.5)
97,良,1.8,龙岩市监测站,56,5,3,88,72,38,龙岩,细颗粒物(PM2.5)
85,良,0.7,龙岩学院,41,4,7,77,63,11,龙岩,细颗粒物(PM2.5)
122,轻度污染,1.4,电视发射台,8,52,60,147,92,17,娄底,细颗粒物(PM2.5)
163,中度污染,2.3,市监测站,37,44,35,192,124,9,娄底,细颗粒物(PM2.5)
159,中度污染,2.2,市委党校,33,59,49,196,121,13,娄底,细颗粒物(PM2.5)
169,中度污染,1.6,涟钢,23,58,51,154,128,12,娄底,细颗粒物(PM2.5)
156,中度污染,2.3,市政府,11,80,63,207,119,8,娄底,细颗粒物(PM2.5)
114,轻度污染,1.3,监测大楼,48,28,30,139,86,4,六安,细颗粒物(PM2.5)
125,轻度污染,1.2,皖西学院,49,11,15,136,95,1,六安,细颗粒物(PM2.5)
144,轻度污染,1.2,朝阳厂,39,20,20,129,110,7,六安,细颗粒物(PM2.5)
139,轻度污染,1.3,开发区,47,13,14,146,106,5,六安,细颗粒物(PM2.5)
297,重度污染,2.0,三五一五工厂,68,8,6,331,247,11,漯河,细颗粒物(PM2.5)
307,严重污染,2.0,漯河大学,55,8,6,338,257,8,漯河,细颗粒物(PM2.5)
325,严重污染,2.3,水利局,58,2,4,350,275,5,漯河,细颗粒物(PM2.5)
314,严重污染,2.2,广电局,60,9,7,335,264,11,漯河,细颗粒物(PM2.5)
117,轻度污染,1.7,中信二小,85,6,8,174,88,66,洛阳,细颗粒物(PM2.5)
114,轻度污染,2.5,市委党校,76,6,18,124,86,32,洛阳,细颗粒物(PM2.5)
160,中度污染,2.4,豫西宾馆,78,5,4,214,122,41,洛阳,细颗粒物(PM2.5)
215,重度污染,3.0,河南林校,70,15,12,241,165,25,洛阳,细颗粒物(PM2.5)
127,轻度污染,2.0,开发区管委会,84,4,15,204,61,31,洛阳,颗粒物(PM10)
84,良,1.8,市委新办公区,69,6,16,118,61,26,洛阳,颗粒物(PM10)
119,轻度污染,1.8,凯旋路小学,97,15,17,160,90,46,洛阳,细颗粒物(PM2.5)
115,轻度污染,0.7,九狮山,20,3,3,102,87,13,泸州,细颗粒物(PM2.5)
159,中度污染,1.0,小市上码头,58,7,7,142,121,31,泸州,细颗粒物(PM2.5)
145,轻度污染,0.9,兰田宪桥,18,20,12,128,111,16,泸州,细颗粒物(PM2.5)
133,轻度污染,0.9,市环监站,63,4,10,154,101,24,泸州,细颗粒物(PM2.5)
66,良,2.5,环保局,51,8,8,81,20,57,吕梁,颗粒物(PM10)
156,中度污染,2.1,自来水公司,44,16,16,207,119,169,吕梁,细颗粒物(PM2.5)
74,良,2.2,马茂庄小学,60,8,8,97,52,138,吕梁,颗粒物(PM10)
240,重度污染,2.2,湖东路四小,60,9,28,191,190,34,马鞍山,细颗粒物(PM2.5)
232,重度污染,1.3,天平服装,46,18,33,_,182,18,马鞍山,细颗粒物(PM2.5)
234,重度污染,1.6,慈湖二小,54,24,36,_,184,18,马鞍山,细颗粒物(PM2.5)
124,轻度污染,1.1,市环保局茂港分局,35,38,71,126,94,16,茂名,细颗粒物(PM2.5)
142,轻度污染,2.0,茂石化七小,39,41,71,142,108,43,茂名,细颗粒物(PM2.5)
148,轻度污染,1.4,健康路,32,40,65,132,113,74,茂名,细颗粒物(PM2.5)
115,轻度污染,1.1,高岭,28,37,35,141,87,55,茂名,细颗粒物(PM2.5)
242,重度污染,1.4,马钢动力厂,63,16,30,_,192,21,马鞍山,细颗粒物(PM2.5)
215,重度污染,1.5,市教育基地,33,49,30,214,165,24,马鞍山,细颗粒物(PM2.5)
104,轻度污染,0.7,蟆颐观,37,34,11,102,78,_,眉山,细颗粒物(PM2.5)
94,良,1.0,气象局,58,12,23,118,70,13,眉山,细颗粒物(PM2.5)
105,轻度污染,1.4,市委党校,54,7,22,107,79,13,眉山,细颗粒物(PM2.5)
79,良,1.4,区人社局,46,9,31,107,54,20,眉山,颗粒物(PM10)
64,良,1.2,嘉应大学,41,5,4,62,46,6,梅州,细颗粒物(PM2.5)
74,良,1.4,梅县新城,45,6,6,60,54,4,梅州,细颗粒物(PM2.5)
107,轻度污染,1.2,环境监控中心,52,6,8,84,80,14,梅州,细颗粒物(PM2.5)
83,良,0.7,富乐山,42,17,13,87,61,2,绵阳,细颗粒物(PM2.5)
83,良,1.2,市人大,52,7,6,111,61,13,绵阳,细颗粒物(PM2.5)
107,轻度污染,1.0,高新区自来水公司,42,7,7,123,80,12,绵阳,细颗粒物(PM2.5)
99,良,1.2,三水厂,38,5,5,145,74,10,绵阳,细颗粒物(PM2.5)
143,轻度污染,1.6,省外办,54,22,27,145,109,5,南昌,细颗粒物(PM2.5)
145,轻度污染,2.4,省林业公司,58,36,39,151,111,9,南昌,细颗粒物(PM2.5)
128,轻度污染,1.2,林科所,47,17,42,121,97,9,南昌,细颗粒物(PM2.5)
124,轻度污染,1.2,京东镇政府,51,8,15,139,94,12,南昌,细颗粒物(PM2.5)
130,轻度污染,1.9,建工学校,55,8,24,_,99,13,南昌,细颗粒物(PM2.5)
139,轻度污染,2.0,象湖,60,10,21,_,106,11,南昌,细颗粒物(PM2.5)
102,轻度污染,1.4,武术学校,34,4,28,89,76,3,南昌,细颗粒物(PM2.5)
104,轻度污染,1.8,省站,58,9,16,130,78,14,南昌,细颗粒物(PM2.5)
120,轻度污染,1.7,机电学校,68,16,27,_,91,7,南昌,细颗粒物(PM2.5)
80,良,1.5,环保大楼　,33,12,8,110,53,10,牡丹江,颗粒物(PM10)
102,轻度污染,2.2,文化广场　,64,13,10,153,76,29,牡丹江,"颗粒物(PM10)
细颗粒物(PM2.5)"
188,中度污染,2.1,第一医院,51,20,20,185,141,6,牡丹江,细颗粒物(PM2.5)
178,中度污染,1.8,机车工厂,46,10,5,221,134,16,牡丹江,细颗粒物(PM2.5)
138,轻度污染,1.5,第一中学,33,23,29,127,105,10,牡丹江,细颗粒物(PM2.5)
90,良,0.9,西山风景区,7,78,78,91,67,7,南充,细颗粒物(PM2.5)
90,良,1.1,南充市委,56,17,28,87,67,13,南充,细颗粒物(PM2.5)
98,良,0.9,南充炼油厂,49,34,47,113,73,15,南充,细颗粒物(PM2.5)
94,良,1.2,高坪区监测站,74,30,43,102,70,19,南充,细颗粒物(PM2.5)
100,良,1.4,嘉陵区环保局,69,16,29,95,75,3,南充,细颗粒物(PM2.5)
83,良,1.2,市环境监测站,55,31,55,103,61,24,南充,细颗粒物(PM2.5)
292,重度污染,2.3,迈皋桥,102,8,10,287,242,22,南京,细颗粒物(PM2.5)
241,重度污染,1.6,草场门,57,18,20,234,191,20,南京,细颗粒物(PM2.5)
277,重度污染,1.7,山西路,87,4,4,258,227,17,南京,细颗粒物(PM2.5)
221,重度污染,1.0,中华门,93,2,10,199,171,11,南京,细颗粒物(PM2.5)
252,重度污染,2.1,瑞金路,74,7,15,217,202,22,南京,细颗粒物(PM2.5)
293,重度污染,1.9,玄武湖,74,10,10,262,243,17,南京,细颗粒物(PM2.5)
244,重度污染,1.7,浦口,56,14,15,256,194,15,南京,细颗粒物(PM2.5)
92,良,1.6,振宁花园,123,6,37,111,68,12,南宁,细颗粒物(PM2.5)
114,轻度污染,1.8,北湖,125,5,23,140,86,27,南宁,细颗粒物(PM2.5)
93,良,1.5,市监测站,130,5,52,112,69,31,南宁,细颗粒物(PM2.5)
89,良,1.1,大自然花园,96,19,84,77,66,12,南宁,细颗粒物(PM2.5)
95,良,1.0,仙葫,76,2,14,88,71,12,南宁,细颗粒物(PM2.5)
95,良,1.0,区农职院,114,3,10,120,71,14,南宁,细颗粒物(PM2.5)
108,轻度污染,1.6,英华嘉园,122,5,12,159,81,19,南宁,细颗粒物(PM2.5)
113,轻度污染,1.4,沙井镇街道办,147,12,9,109,85,14,南宁,细颗粒物(PM2.5)
235,重度污染,1.2,奥体中心,74,8,25,_,185,16,南京,细颗粒物(PM2.5)
256,重度污染,1.9,仙林大学城,80,5,4,308,206,16,南京,细颗粒物(PM2.5)
40,优,0.5,茫荡山,7,98,97,_,28,3,南平,_
64,良,1.0,南平市监测站,35,5,8,47,46,7,南平,细颗粒物(PM2.5)
62,良,0.9,南平铝业有限公司,28,8,10,47,44,8,南平,细颗粒物(PM2.5)
60,良,0.5,南平七中,30,2,6,49,43,7,南平,细颗粒物(PM2.5)
248,重度污染,1.8,南郊,42,62,57,234,198,17,南通,细颗粒物(PM2.5)
259,重度污染,1.7,虹桥,43,74,71,256,209,15,南通,细颗粒物(PM2.5)
248,重度污染,2.0,城中,55,63,63,251,198,19,南通,细颗粒物(PM2.5)
261,重度污染,1.9,星湖花园,46,68,60,249,211,18,南通,细颗粒物(PM2.5)
264,重度污染,1.7,紫琅学院,68,68,64,247,214,16,南通,细颗粒物(PM2.5)
407,严重污染,3.3,环保局　,84,2,2,386,360,14,南阳,细颗粒物(PM2.5)
380,严重污染,3.3,瓦房庄,88,12,12,380,330,14,南阳,细颗粒物(PM2.5)
317,严重污染,3.1,汉画馆,67,7,6,399,267,10,南阳,细颗粒物(PM2.5)
295,重度污染,2.7,气象站,88,4,4,367,245,12,南阳,细颗粒物(PM2.5)
367,严重污染,3.1,理工学院,75,14,14,397,317,10,南阳,细颗粒物(PM2.5)
51,良,0.9,那曲监测站,2,17,20,51,22,6,那曲地区,颗粒物(PM10)
39,优,0.8,那曲嘉兴医院,13,70,65,_,27,6,那曲地区,_
53,良,0.7,那曲会议中心,24,_,3,56,23,6,那曲地区,颗粒物(PM10)
109,轻度污染,1.2,市监测站,50,13,39,121,82,22,内江,细颗粒物(PM2.5)
117,轻度污染,1.3,东兴区政府,50,4,36,88,88,3,内江,细颗粒物(PM2.5)
84,良,0.8,内江二中,52,9,33,102,62,18,内江,细颗粒物(PM2.5)
80,良,0.9,内江日报社,64,4,28,81,59,14,内江,细颗粒物(PM2.5)
51,良,0.5,金涵水库,18,44,60,52,35,6,宁德,颗粒物(PM10)
55,良,0.8,蕉城区农机局,39,34,77,47,39,12,宁德,细颗粒物(PM2.5)
60,良,0.7,宁德市监测站,64,5,65,63,43,9,宁德,细颗粒物(PM2.5)
103,轻度污染,1.3,区环保大楼,68,4,19,137,77,12,宁波,细颗粒物(PM2.5)
117,轻度污染,1.0,万里学院,67,5,23,126,88,11,宁波,细颗粒物(PM2.5)
122,轻度污染,0.9,龙赛医院,52,21,29,110,92,14,宁波,细颗粒物(PM2.5)
132,轻度污染,0.5,三江中学,66,5,23,126,100,10,宁波,细颗粒物(PM2.5)
94,良,0.9,钱湖水厂,49,13,25,127,70,12,宁波,细颗粒物(PM2.5)
83,良,1.1,太古小学,77,5,27,115,58,12,宁波,颗粒物(PM10)
80,良,0.9,市环境监测中心,58,12,32,70,59,8,宁波,细颗粒物(PM2.5)
74,良,0.9,万里国际学校,69,4,24,69,54,12,宁波,细颗粒物(PM2.5)
50,优,1.1,州监测站,18,12,10,50,29,6,怒江州,_
47,优,0.9,泸水一中,34,7,5,47,32,10,怒江州,_
102,轻度污染,2.3,开发区,73,7,10,103,76,21,盘锦,细颗粒物(PM2.5)
97,良,2.3,兴隆台,88,10,14,85,72,19,盘锦,细颗粒物(PM2.5)
90,良,2.5,新生街道,70,12,13,94,67,16,盘锦,细颗粒物(PM2.5)
92,良,2.6,弄弄坪,60,8,10,91,68,55,攀枝花,细颗粒物(PM2.5)
84,良,2.8,河门口,54,6,8,90,62,25,攀枝花,细颗粒物(PM2.5)
82,良,1.8,炳草岗,57,7,8,113,59,26,攀枝花,颗粒物(PM10)
74,良,1.9,仁和,33,6,18,98,50,8,攀枝花,颗粒物(PM10)
76,良,3.1,四十中小,55,1,20,101,55,45,攀枝花,颗粒物(PM10)
99,良,2.3,蓬莱环保局,65,16,37,118,74,46,蓬莱,细颗粒物(PM2.5)
83,良,1.8,蓬莱博物馆,59,19,32,108,61,25,蓬莱,细颗粒物(PM2.5)
372,严重污染,2.8,高压开关厂,71,3,6,386,322,24,平顶山,细颗粒物(PM2.5)
376,严重污染,2.4,新华旅馆,77,7,17,400,326,24,平顶山,细颗粒物(PM2.5)
335,严重污染,2.8,规划设计院,76,6,11,355,285,14,平顶山,细颗粒物(PM2.5)
372,严重污染,2.5,平顶山工学院,65,12,21,360,322,18,平顶山,细颗粒物(PM2.5)
145,轻度污染,3.8,1号,79,10,8,222,111,37,平度,细颗粒物(PM2.5)
117,轻度污染,2.7,2号,45,3,4,147,88,19,平度,细颗粒物(PM2.5)
43,优,0.5,监测站,64,18,14,43,16,16,平凉,_
55,良,1.6,博物馆,62,7,8,59,31,30,平凉,颗粒物(PM10)
152,中度污染,1.3,武功山气象站,35,11,11,151,116,2,萍乡,细颗粒物(PM2.5)
225,重度污染,1.8,中医院,26,2,2,273,175,29,萍乡,细颗粒物(PM2.5)
230,重度污染,1.4,市政府车库,42,4,4,274,180,11,萍乡,细颗粒物(PM2.5)
235,重度污染,1.8,市环保局,46,3,4,261,185,14,萍乡,细颗粒物(PM2.5)
235,重度污染,1.7,安源区政府,30,4,4,291,185,14,萍乡,细颗粒物(PM2.5)
29,优,0.6,市环保局,21,24,26,29,20,5,普洱,_
53,良,0.7,普洱第二中学,24,5,8,55,26,8,普洱,颗粒物(PM10)
53,良,0.7,荔城区仓后路,46,54,69,49,37,6,莆田,细颗粒物(PM2.5)
78,良,0.7,莆田市监测站,33,47,70,_,57,8,莆田,细颗粒物(PM2.5)
50,优,0.5,涵江区六中,30,75,93,46,35,10,莆田,_
40,优,0.6,秀屿区政府,15,104,105,31,28,9,莆田,_
35,优,0.7,东圳水库,19,66,74,32,24,4,莆田,_
310,严重污染,2.3,环保局,58,19,38,302,260,10,濮阳,细颗粒物(PM2.5)
318,严重污染,2.3,油田运输公司,56,19,37,288,268,12,濮阳,细颗粒物(PM2.5)
310,严重污染,2.0,油田物探公司,51,26,43,297,260,15,濮阳,细颗粒物(PM2.5)
273,重度污染,2.5,濮水河管理处,51,13,20,298,223,13,濮阳,细颗粒物(PM2.5)
17,优,1.2,市环境监测站,34,19,30,10,9,7,黔东南州,_
14,优,1.0,凯里学院,28,24,25,9,8,8,黔东南州,_
16,优,0.9,小围寨,13,23,21,16,8,21,黔南州,_
75,良,1.2,仰口,38,19,31,99,34,17,青岛,颗粒物(PM10)
57,良,1.3,场坝街,18,10,13,64,23,12,黔西南州,颗粒物(PM10)
29,优,1.4,坪东大道,17,19,22,_,20,7,黔西南州,_
77,良,1.3,市北区子站,25,3,8,96,56,19,青岛,细颗粒物(PM2.5)
98,良,1.4,四方区子站,78,9,12,129,73,10,青岛,细颗粒物(PM2.5)
73,良,0.9,市南区西部子站,75,33,36,96,32,12,青岛,颗粒物(PM10)
83,良,1.2,崂山区子站,91,13,16,100,61,12,青岛,细颗粒物(PM2.5)
85,良,0.8,黄岛区子站,45,41,34,120,61,10,青岛,颗粒物(PM10)
96,良,1.6,城阳区子站,81,6,7,141,51,27,青岛,颗粒物(PM10)
60,良,1.1,区环保局,41,40,54,69,42,26,庆阳,颗粒物(PM10)
100,良,2.8,粮贸总公司,83,10,53,150,72,206,庆阳,颗粒物(PM10)
57,良,1.0,市环保局,49,16,52,63,32,78,庆阳,颗粒物(PM10)
114,轻度污染,2.2,凤城街办,106,6,6,122,86,19,清远,细颗粒物(PM2.5)
123,轻度污染,1.9,环保大楼,83,26,18,111,93,21,清远,细颗粒物(PM2.5)
113,轻度污染,1.2,技师学院,92,6,4,130,85,23,清远,细颗粒物(PM2.5)
135,轻度污染,5.7,北戴河环保局,102,16,18,164,103,92,秦皇岛,细颗粒物(PM2.5)
182,中度污染,7.1,第一关,110,9,6,204,137,153,秦皇岛,细颗粒物(PM2.5)
172,中度污染,7.1,监测站,115,11,9,224,130,106,秦皇岛,细颗粒物(PM2.5)
190,中度污染,5.8,建设大厦,106,10,9,221,143,85,秦皇岛,细颗粒物(PM2.5)
149,轻度污染,5.8,文明里(启用171012),114,10,9,208,114,82,秦皇岛,细颗粒物(PM2.5)
139,轻度污染,2.0,市环保站,78,36,50,155,106,49,钦州,细颗粒物(PM2.5)
142,轻度污染,1.6,市农科院,45,10,12,122,108,11,钦州,细颗粒物(PM2.5)
128,轻度污染,2.3,港区一小,54,32,58,119,97,21,钦州,细颗粒物(PM2.5)
80,良,1.3,安居小区,50,9,26,95,59,20,齐齐哈尔,细颗粒物(PM2.5)
70,良,1.4,中心广场,46,20,24,64,51,41,齐齐哈尔,细颗粒物(PM2.5)
59,良,1.1,农牧车辆厂,50,10,28,67,42,26,齐齐哈尔,"颗粒物(PM10)
细颗粒物(PM2.5)"
53,良,0.9,富区环保局,23,28,46,56,28,7,齐齐哈尔,颗粒物(PM10)
100,良,1.4,市环境监测站,37,9,38,109,75,16,齐齐哈尔,细颗粒物(PM2.5)
114,轻度污染,1.9,环保局,53,9,10,134,86,3,七台河,细颗粒物(PM2.5)
142,轻度污染,1.5,新建　,57,7,10,163,108,33,七台河,细颗粒物(PM2.5)
48,优,0.5,葫头沟,20,48,53,39,33,16,七台河,_
75,良,0.5,涂山街,27,62,70,_,55,15,泉州,细颗粒物(PM2.5)
72,良,0.6,津头埔,36,50,61,_,52,15,泉州,细颗粒物(PM2.5)
65,良,0.7,万安,50,45,65,51,47,17,泉州,细颗粒物(PM2.5)
45,优,0.4,清源山,15,78,82,_,31,4,泉州,_
156,中度污染,0.8,环保大楼,50,4,2,153,119,15,衢州,细颗粒物(PM2.5)
73,良,1.1,环境监测站,41,12,11,96,51,65,曲靖,颗粒物(PM10)
65,良,0.6,烟厂办公区,24,22,17,62,47,10,曲靖,细颗粒物(PM2.5)
148,轻度污染,1.1,实验学校,49,33,34,136,113,4,衢州,细颗粒物(PM2.5)
119,轻度污染,1.1,衢州学院,54,4,2,118,90,8,衢州,细颗粒物(PM2.5)
32,优,0.7,日喀则监测站,29,7,19,32,19,8,日喀则,_
38,优,0.7,日喀则鸿达公司,8,30,32,38,7,5,日喀则,_
22,优,0.4,日喀则监测站,2,70,58,18,6,7,日喀则地区,_
37,优,0.3,日喀则鸿达公司,2,67,55,37,7,4,日喀则地区,_
150,轻度污染,2.9,监测站,72,12,10,250,106,35,日照,颗粒物(PM10)
125,轻度污染,1.8,市政府广场,72,5,5,153,95,20,日照,细颗粒物(PM2.5)
132,轻度污染,1.6,港务局,82,6,5,163,100,16,日照,细颗粒物(PM2.5)
85,良,2.0,荣成市环保局办公楼,45,17,13,119,48,15,荣成,颗粒物(PM10)
79,良,1.7,山东成山轮胎公司,44,30,27,108,56,26,荣成,颗粒物(PM10)
106,轻度污染,3.3,乳山市环保局,28,6,5,162,69,12,乳山,颗粒物(PM10)
102,轻度污染,3.5,乳山市气象局,38,8,5,154,75,11,乳山,颗粒物(PM10)
132,轻度污染,2.3,市政府,49,3,3,200,100,36,三门峡,细颗粒物(PM2.5)
67,良,1.2,三钢,42,4,4,_,48,13,三明,细颗粒物(PM2.5)
140,轻度污染,2.3,开发区,54,6,6,169,107,25,三门峡,细颗粒物(PM2.5)
128,轻度污染,1.8,风景区,54,_,1,153,97,22,三门峡,细颗粒物(PM2.5)
137,轻度污染,2.4,第一小学,62,4,3,175,104,34,三门峡,细颗粒物(PM2.5)
58,良,1.2,三明二中,40,4,6,54,41,13,三明,细颗粒物(PM2.5)
83,良,1.6,三元区政府,36,5,4,71,61,14,三明,细颗粒物(PM2.5)
84,良,1.1,洋溪,25,12,21,68,62,11,三明,细颗粒物(PM2.5)
30,优,0.3,西沙,30,51,58,20,7,6,三沙,_
44,优,0.9,河东子站,46,_,16,44,24,2,三亚,_
46,优,0.7,河西子站,45,4,24,46,28,2,三亚,_
152,中度污染,1.2,虹口,67,63,31,_,116,11,上海,细颗粒物(PM2.5)
66,良,0.8,监测站,45,15,15,82,41,7,商洛,颗粒物(PM10)
76,良,0.8,商州区中学,52,12,13,102,41,10,商洛,颗粒物(PM10)
144,轻度污染,1.2,徐汇上师大,68,35,44,_,110,12,上海,细颗粒物(PM2.5)
140,轻度污染,1.0,杨浦四漂,44,76,27,_,107,14,上海,细颗粒物(PM2.5)
199,中度污染,1.4,青浦淀山湖,87,14,32,_,149,19,上海,细颗粒物(PM2.5)
132,轻度污染,0.9,静安监测站,60,55,50,104,100,11,上海,细颗粒物(PM2.5)
165,中度污染,1.0,浦东川沙,46,74,40,_,125,14,上海,细颗粒物(PM2.5)
140,轻度污染,0.9,浦东新区监测站,59,62,24,_,107,10,上海,细颗粒物(PM2.5)
140,轻度污染,0.8,浦东张江,64,56,29,_,107,13,上海,细颗粒物(PM2.5)
134,轻度污染,0.8,普陀,55,63,48,120,102,9,上海,细颗粒物(PM2.5)
220,重度污染,1.7,环境监测站　,53,53,70,223,170,9,商丘,细颗粒物(PM2.5)
237,重度污染,1.4,粮食局　,31,64,78,246,187,7,商丘,细颗粒物(PM2.5)
99,良,1.2,百草园,44,2,3,122,74,26,上饶,细颗粒物(PM2.5)
109,轻度污染,1.2,市监测站,57,5,6,135,82,116,上饶,细颗粒物(PM2.5)
219,重度污染,0.9,睢阳区环保局　,56,28,47,254,169,9,商丘,细颗粒物(PM2.5)
255,重度污染,1.6,第三人民医院　,56,36,59,_,205,7,商丘,细颗粒物(PM2.5)
107,轻度污染,1.6,凤凰光学,50,4,5,148,80,58,上饶,细颗粒物(PM2.5)
118,轻度污染,1.2,开发区管委会,53,6,6,128,89,29,上饶,细颗粒物(PM2.5)
12,优,0.4,山南监测站,6,31,34,12,5,3,山南,_
22,优,0.7,山南人民医院,18,25,32,22,11,5,山南,_
22,优,0.4,山南监测站,5,70,86,14,4,4,山南地区,_
29,优,0.5,山南人民医院,8,60,73,29,6,4,山南地区,_
30,优,1.2,金平子站,48,40,71,24,21,5,汕头,_
57,良,1.0,市环保局,20,54,70,_,40,10,汕尾,细颗粒物(PM2.5)
39,优,0.9,龙湖子站,28,46,69,_,27,7,汕头,_
33,优,0.9,濠江子站,13,62,77,23,23,7,汕头,_
55,良,0.9,澄海子站,30,46,66,_,39,7,汕头,细颗粒物(PM2.5)
40,优,1.0,潮阳子站,37,43,73,_,28,8,汕头,_
53,良,0.9,潮南子站,32,39,60,_,37,8,汕头,细颗粒物(PM2.5)
54,良,0.9,市政府,39,38,65,_,38,8,汕尾,细颗粒物(PM2.5)
54,良,0.7,新城中学,19,58,70,43,38,9,汕尾,细颗粒物(PM2.5)
133,轻度污染,1.9,市八中,71,5,4,106,101,21,韶关,细颗粒物(PM2.5)
109,轻度污染,1.0,碧湖山庄,61,11,13,82,82,14,韶关,细颗粒物(PM2.5)
147,轻度污染,1.9,园林处,51,4,4,120,112,12,韶关,细颗粒物(PM2.5)
118,轻度污染,1.3,韶关学院,26,6,6,_,89,6,韶关,细颗粒物(PM2.5)
137,轻度污染,2.1,曲江监测站,56,8,7,112,104,16,韶关,细颗粒物(PM2.5)
158,中度污染,1.2,市水土所,20,26,31,130,120,16,邵阳,细颗粒物(PM2.5)
156,中度污染,1.0,袍江站,67,12,30,151,119,12,绍兴,细颗粒物(PM2.5)
207,重度污染,1.6,市一中,26,26,33,_,157,24,邵阳,细颗粒物(PM2.5)
221,重度污染,1.3,市化工厂,32,21,28,_,171,25,邵阳,细颗粒物(PM2.5)
198,中度污染,1.2,市罐头厂,31,18,26,155,148,29,邵阳,细颗粒物(PM2.5)
209,重度污染,1.1,市环保局,34,21,27,_,159,21,邵阳,细颗粒物(PM2.5)
176,中度污染,1.2,城东开发委,55,9,34,179,133,18,绍兴,细颗粒物(PM2.5)
136,轻度污染,0.668,市环保站,_,89,66,221,32,8,绍兴,颗粒物(PM10)
182,中度污染,1.3,树下王站,54,11,42,200,137,8,绍兴,细颗粒物(PM2.5)
75,良,0.8,荔园,29,55,61,74,55,6,深圳,细颗粒物(PM2.5)
80,良,0.9,洪湖,64,39,44,93,59,4,深圳,细颗粒物(PM2.5)
88,良,1.1,华侨城,57,42,59,92,65,6,深圳,细颗粒物(PM2.5)
80,良,0.8,南油,51,39,41,101,59,8,深圳,细颗粒物(PM2.5)
67,良,0.8,盐田,59,15,19,83,48,9,深圳,"颗粒物(PM10)
细颗粒物(PM2.5)"
224,重度污染,1.7,艾青诗歌馆,60,12,12,_,174,7,石河子,细颗粒物(PM2.5)
123,轻度污染,2.3,阳光学校,75,11,15,196,77,12,石河子,颗粒物(PM10)
71,良,2.5,小河沿,77,13,13,92,51,97,沈阳,颗粒物(PM10)
83,良,2.0,太原街,70,6,15,100,61,63,沈阳,细颗粒物(PM2.5)
94,良,0.8,龙岗,60,33,28,137,66,6,深圳,颗粒物(PM10)
108,轻度污染,1.3,西乡,121,5,13,119,81,11,深圳,细颗粒物(PM2.5)
51,良,0.8,南澳,8,69,60,52,28,3,深圳,颗粒物(PM10)
67,良,0.7,葵涌,31,47,62,83,45,5,深圳,颗粒物(PM10)
80,良,2.2,浑南东路,68,4,3,92,59,60,沈阳,细颗粒物(PM2.5)
69,良,2.0,新秀街,64,11,23,88,47,55,沈阳,颗粒物(PM10)
84,良,3.3,东陵路,55,11,9,109,62,92,沈阳,细颗粒物(PM2.5)
77,良,1.8,陵东街,81,7,18,104,49,71,沈阳,颗粒物(PM10)
65,良,0.6,梅沙,21,100,91,58,47,5,深圳,细颗粒物(PM2.5)
182,中度污染,1.1,观澜,79,6,11,184,137,10,深圳,细颗粒物(PM2.5)
72,良,1.8,文化路,69,13,22,94,49,45,沈阳,颗粒物(PM10)
75,良,2.1,京沈街,69,13,16,83,55,60,沈阳,细颗粒物(PM2.5)
69,良,1.8,森林路,52,27,27,72,50,78,沈阳,细颗粒物(PM2.5)
82,良,1.7,沈辽西路,46,15,32,107,60,54,沈阳,细颗粒物(PM2.5)
253,重度污染,4.6,职工医院,101,4,3,306,203,73,石家庄,细颗粒物(PM2.5)
253,重度污染,4.5,高新区,90,4,3,321,203,62,石家庄,细颗粒物(PM2.5)
357,严重污染,4.8,西北水源,88,6,6,411,307,62,石家庄,细颗粒物(PM2.5)
214,重度污染,4.5,西南高教,88,4,4,220,164,57,石家庄,细颗粒物(PM2.5)
68,良,2.2,裕农路,67,13,10,79,49,81,沈阳,细颗粒物(PM2.5)
241,重度污染,4.2,世纪公园,89,2,1,287,191,43,石家庄,细颗粒物(PM2.5)
256,重度污染,4.4,人民会堂,99,6,5,323,206,60,石家庄,细颗粒物(PM2.5)
75,良,0.8,封龙山,22,68,62,63,55,44,石家庄,细颗粒物(PM2.5)
56,良,0.8,武当山,10,100,110,61,32,14,十堰,颗粒物(PM10)
113,轻度污染,1.4,滨河新村,63,13,18,102,85,22,十堰,细颗粒物(PM2.5)
236,重度污染,4.4,22中南校区,68,3,2,315,186,59,石家庄,细颗粒物(PM2.5)
109,轻度污染,1.4,刘家沟,51,22,20,112,82,24,十堰,细颗粒物(PM2.5)
88,良,1.3,铁二处,54,3,9,68,65,10,十堰,细颗粒物(PM2.5)
132,轻度污染,2.9,沙湖旅游区,60,12,11,147,100,99,石嘴山,细颗粒物(PM2.5)
84,良,1.9,大武口黄河东街,50,12,8,115,62,98,石嘴山,细颗粒物(PM2.5)
163,中度污染,2.0,监测站,71,15,15,158,124,38,寿光,细颗粒物(PM2.5)
64,良,1.0,惠农南大街,35,14,21,77,31,28,石嘴山,颗粒物(PM10)
103,轻度污染,1.7,红果子镇惠新街,38,7,10,156,67,57,石嘴山,颗粒物(PM10)
117,轻度污染,2.2,双合村,58,28,45,124,88,43,双鸭山,细颗粒物(PM2.5)
115,轻度污染,1.4,南小市,55,25,51,133,87,34,双鸭山,细颗粒物(PM2.5)
119,轻度污染,1.1,环保局,76,2,22,104,90,31,双鸭山,细颗粒物(PM2.5)
42,优,0.5,苗圃,19,52,61,34,29,11,双鸭山,_
148,轻度污染,1.9,世纪学校,82,5,8,157,113,33,寿光,细颗粒物(PM2.5)
51,良,1.0,平朔,17,66,65,52,16,15,朔州,颗粒物(PM10)
57,良,0.8,朔唯,16,75,70,64,19,9,朔州,颗粒物(PM10)
71,良,0.5,区政府,12,58,60,92,20,24,朔州,颗粒物(PM10)
71,良,0.8,市环保局,13,82,80,92,14,14,朔州,颗粒物(PM10)
59,良,0.7,市二中,22,70,71,67,19,18,朔州,颗粒物(PM10)
69,良,1.3,监测站,49,16,26,87,45,72,四平,颗粒物(PM10)
77,良,2.0,一商场,82,15,31,90,56,71,四平,细颗粒物(PM2.5)
59,良,2.6,境园,98,14,23,68,36,89,四平,颗粒物(PM10)
93,良,1.7,江南,52,8,14,128,69,31,松原,细颗粒物(PM2.5)
107,轻度污染,2.1,江北,50,11,24,107,80,21,松原,细颗粒物(PM2.5)
56,良,0.7,人和东街,28,52,44,62,23,42,绥化,颗粒物(PM10)
62,良,0.7,党政办公中心,46,47,45,74,31,66,绥化,颗粒物(PM10)
100,良,1.1,石溪浩,28,5,6,131,75,7,遂宁,细颗粒物(PM2.5)
95,良,1.2,市监测站,39,5,11,81,71,7,遂宁,细颗粒物(PM2.5)
84,良,0.8,行政中心,42,10,14,84,62,10,遂宁,细颗粒物(PM2.5)
89,良,1.3,美宁食品公司,51,6,12,128,57,19,遂宁,颗粒物(PM10)
183,中度污染,1.9,市委党校,42,8,29,181,138,9,随州,细颗粒物(PM2.5)
204,重度污染,1.6,市林业局,24,30,40,188,154,19,随州,细颗粒物(PM2.5)
198,中度污染,1.8,市立交桥水厂,37,21,32,181,148,8,随州,细颗粒物(PM2.5)
228,重度污染,2.1,宿迁学院,73,6,18,241,178,9,宿迁,细颗粒物(PM2.5)
239,重度污染,1.7,宿迁中学,75,10,26,257,189,28,宿迁,细颗粒物(PM2.5)
220,重度污染,2.0,宿豫区环保局,72,8,12,224,170,9,宿迁,细颗粒物(PM2.5)
212,重度污染,2.0,市供电局,98,10,17,238,162,16,宿迁,细颗粒物(PM2.5)
147,轻度污染,1.1,上方山,83,18,25,199,112,15,苏州,细颗粒物(PM2.5)
251,重度污染,1.3,南门,76,11,22,_,201,15,苏州,细颗粒物(PM2.5)
209,重度污染,1.4,轧钢厂,93,7,28,_,159,22,苏州,细颗粒物(PM2.5)
304,严重污染,1.2,吴中区,85,7,18,_,254,19,苏州,细颗粒物(PM2.5)
258,重度污染,2.4,监测楼,86,3,24,246,208,11,宿州,细颗粒物(PM2.5)
252,重度污染,2.7,一中,70,7,8,252,202,60,宿州,细颗粒物(PM2.5)
257,重度污染,0.8,苏州新区,64,18,40,229,207,20,苏州,细颗粒物(PM2.5)
230,重度污染,1.6,苏州工业园区,96,17,28,244,180,21,苏州,细颗粒物(PM2.5)
256,重度污染,2.5,火车站,74,11,18,256,206,16,宿州,细颗粒物(PM2.5)
31,优,1.5,东门外小游园,11,98,87,14,8,3,塔城地区,_
258,重度污染,2.0,监测站,64,39,29,302,208,28,泰安,细颗粒物(PM2.5)
273,重度污染,1.4,人口学校,44,48,49,328,223,22,泰安,细颗粒物(PM2.5)
298,重度污染,2.4,电力学校,79,10,11,333,248,35,泰安,细颗粒物(PM2.5)
259,重度污染,1.4,太仓市监测站,81,23,31,_,209,17,太仓,细颗粒物(PM2.5)
243,重度污染,1.6,科教新城实小,78,16,16,203,193,27,太仓,细颗粒物(PM2.5)
163,中度污染,2.3,尖草坪,82,10,16,276,123,64,太原,颗粒物(PM10)
135,轻度污染,2.1,上兰,72,8,8,219,101,39,太原,颗粒物(PM10)
206,重度污染,2.6,晋源,80,3,2,246,156,108,太原,细颗粒物(PM2.5)
128,轻度污染,2.7,小店,81,2,2,166,97,192,太原,细颗粒物(PM2.5)
201,重度污染,2.9,桃园,82,13,15,296,151,160,太原,细颗粒物(PM2.5)
153,中度污染,2.4,坞城,83,4,3,198,117,206,太原,细颗粒物(PM2.5)
207,重度污染,3.5,南寨,63,4,4,281,157,48,太原,细颗粒物(PM2.5)
163,中度污染,2.2,金胜,70,3,2,215,124,112,太原,细颗粒物(PM2.5)
64,良,0.8,黄岩环保大楼,47,25,50,78,37,6,台州,颗粒物(PM10)
64,良,0.8,台州环保大楼,30,54,64,78,46,7,台州,"颗粒物(PM10)
细颗粒物(PM2.5)"
69,良,0.8,路桥田洋王,42,22,52,87,43,10,台州,颗粒物(PM10)
203,重度污染,1.5,公园路,44,41,44,228,153,14,泰州,细颗粒物(PM2.5)
170,中度污染,1.6,莲花,43,56,59,200,129,10,泰州,细颗粒物(PM2.5)
196,中度污染,1.6,留学生创业园,41,50,51,163,147,10,泰州,细颗粒物(PM2.5)
233,重度污染,2.1,王营,45,37,47,270,183,11,泰州,细颗粒物(PM2.5)
152,中度污染,3.1,供销社,100,8,8,192,116,45,唐山,细颗粒物(PM2.5)
178,中度污染,3.4,雷达站,95,8,8,199,134,51,唐山,细颗粒物(PM2.5)
152,中度污染,4.1,物资局,114,11,10,215,116,55,唐山,细颗粒物(PM2.5)
227,重度污染,4.2,陶瓷公司,126,11,11,341,177,77,唐山,细颗粒物(PM2.5)
183,中度污染,3.4,十二中,102,10,8,228,138,71,唐山,细颗粒物(PM2.5)
190,中度污染,3.6,小山,104,13,12,242,143,52,唐山,细颗粒物(PM2.5)
42,优,0.6,仙人崖,9,67,58,42,19,7,天水,_
91,良,1.6,进步巷,52,3,3,132,59,42,天水,颗粒物(PM10)
85,良,1.8,文化馆,47,10,9,119,56,39,天水,颗粒物(PM10)
69,良,2.0,北辰科技园区,73,30,14,88,49,51,天津,颗粒物(PM10)
235,重度污染,3.8,永明路,98,1,1,274,185,44,天津,细颗粒物(PM2.5)
228,重度污染,3.3,团泊洼,79,5,6,210,178,9,天津,细颗粒物(PM2.5)
107,轻度污染,1.9,汇工街西,57,14,22,109,80,54,铁岭,细颗粒物(PM2.5)
74,良,1.5,银州路东段,73,14,31,97,50,47,铁岭,颗粒物(PM10)
72,良,0.8,金沙江路北,69,13,22,93,48,61,铁岭,颗粒物(PM10)
73,良,2.1,勤俭路,75,36,18,93,53,49,天津,细颗粒物(PM2.5)
201,重度污染,3.0,大直沽八号路,89,4,3,224,151,40,天津,细颗粒物(PM2.5)
69,良,2.3,前进路,68,33,18,87,17,61,天津,颗粒物(PM10)
211,重度污染,4.1,跃进路,92,6,5,233,161,46,天津,细颗粒物(PM2.5)
217,重度污染,3.0,第四大街,94,2,1,247,167,46,天津,细颗粒物(PM2.5)
168,中度污染,3.9,汉北路,76,_,_,176,127,15,天津,细颗粒物(PM2.5)
196,中度污染,5.3,河西一经路,102,2,3,229,147,51,天津,细颗粒物(PM2.5)
228,重度污染,3.4,津沽路,99,3,3,227,178,28,天津,细颗粒物(PM2.5)
228,重度污染,2.9,宾水西道,83,9,8,237,178,19,天津,细颗粒物(PM2.5)
229,重度污染,2.1,大理道,63,5,4,217,179,39,天津,细颗粒物(PM2.5)
220,重度污染,2.9,中山北路,76,1,1,227,170,23,天津,细颗粒物(PM2.5)
205,重度污染,3.0,勤俭道,90,7,7,214,155,33,天津,细颗粒物(PM2.5)
68,良,1.0,党校,77,3,3,86,48,22,铜川,颗粒物(PM10)
87,良,1.8,王益区政府,56,3,3,109,64,15,铜川,细颗粒物(PM2.5)
70,良,1.7,新区管委会,66,38,31,90,31,30,铜川,颗粒物(PM10)
68,良,1.2,新区兰芝公司,47,27,14,86,46,36,铜川,颗粒物(PM10)
226,重度污染,3.3,前进道,96,7,6,226,176,39,天津,细颗粒物(PM2.5)
219,重度污染,3.0, 淮河道,92,2,1,228,169,35,天津,细颗粒物(PM2.5)
199,中度污染,3.5,西四道,111,2,1,228,149,44,天津,细颗粒物(PM2.5)
83,良,2.3,光明,65,15,10,104,61,87,通化,细颗粒物(PM2.5)
109,轻度污染,2.6,铁路,55,7,5,136,82,55,通化,细颗粒物(PM2.5)
58,良,0.7,通辽宾馆,21,37,44,66,25,20,通辽,颗粒物(PM10)
66,良,0.8,胶建铝业,40,24,30,81,26,27,通辽,颗粒物(PM10)
57,良,0.8,艺术职业学校,17,46,54,63,34,12,通辽,颗粒物(PM10)
82,良,1.4,铜仁卫校,1,74,64,_,60,6,铜仁地区,细颗粒物(PM2.5)
81,良,1.3,铜仁七中,14,73,65,111,58,17,铜仁地区,颗粒物(PM10)
158,中度污染,1.3,市第四中学,81,14,21,132,120,12,铜陵,细颗粒物(PM2.5)
166,中度污染,1.4,市公路局,73,5,11,143,126,24,铜陵,细颗粒物(PM2.5)
178,中度污染,1.2,市新民污水厂,59,28,24,137,134,17,铜陵,细颗粒物(PM2.5)
148,轻度污染,1.4,市第九中学,54,23,23,152,113,12,铜陵,细颗粒物(PM2.5)
129,轻度污染,1.1,车站新区,77,10,16,134,98,7,铜陵,细颗粒物(PM2.5)
155,中度污染,1.4,市职教基地,70,11,17,124,118,7,铜陵,细颗粒物(PM2.5)
99,良,3.3,市环保局,64,6,6,105,74,18,吐鲁番地区,细颗粒物(PM2.5)
108,轻度污染,2.8,地区环保局,59,7,6,123,81,19,吐鲁番地区,细颗粒物(PM2.5)
144,轻度污染,2.2,抱龙山庄,76,3,10,159,110,68,瓦房店,细颗粒物(PM2.5)
88,良,0.8,东山公园,38,16,22,69,65,36,瓦房店,细颗粒物(PM2.5)
113,轻度污染,2.1,仲裁委,63,10,14,167,85,36,潍坊,细颗粒物(PM2.5)
106,轻度污染,2.5,环保局,85,5,6,162,76,37,潍坊,颗粒物(PM10)
127,轻度污染,1.8,寒亭监测站,74,14,16,195,96,37,潍坊,细颗粒物(PM2.5)
94,良,1.7,幼特教师范,72,11,15,134,70,39,潍坊,细颗粒物(PM2.5)
118,轻度污染,1.8,坊子邮政,70,12,13,185,89,32,潍坊,"颗粒物(PM10)
细颗粒物(PM2.5)"
66,良,0.8,华夏技校,30,51,53,81,44,18,威海,颗粒物(PM10)
81,良,0.8,山大分校,51,38,52,111,42,11,威海,颗粒物(PM10)
143,轻度污染,1.8,农科所,72,2,3,235,108,28,渭南,颗粒物(PM10)
79,良,1.2,市监测站,83,16,53,108,41,12,威海,颗粒物(PM10)
112,轻度污染,2.5,日报社,85,3,4,173,62,24,渭南,颗粒物(PM10)
158,中度污染,2.0,体育馆,44,4,4,239,120,29,渭南,细颗粒物(PM2.5)
190,中度污染,2.6,高新一小,88,3,2,188,143,19,渭南,细颗粒物(PM2.5)
73,良,1.3,文登市环保局,35,36,30,95,43,5,文登,颗粒物(PM10)
81,良,2.1,文登市丝绸公司,55,9,8,112,58,11,文登,颗粒物(PM10)
64,良,0.6,州水务局,17,47,47,54,46,2,文山州,细颗粒物(PM2.5)
54,良,0.9,市便民服务中心,21,45,51,54,38,8,文山州,细颗粒物(PM2.5)
69,良,0.9,瓯海,53,32,16,72,50,12,温州,细颗粒物(PM2.5)
83,良,0.6,南浦,77,7,21,116,59,12,温州,颗粒物(PM10)
72,良,0.5,龙湾,83,13,12,84,52,11,温州,细颗粒物(PM2.5)
60,良,1.0,市站,74,16,26,70,40,15,温州,颗粒物(PM10)
42,优,1.8,聚英学校,71,10,63,42,24,15,乌海,_
48,优,0.9,市林业局,72,8,45,48,23,11,乌海,_
52,良,2.3,中海勃湾学校,94,54,71,53,27,22,乌海,颗粒物(PM10)
182,中度污染,1.3,东湖梨园,47,9,23,_,137,5,武汉,细颗粒物(PM2.5)
160,中度污染,1.6,汉阳月湖,50,5,19,_,122,2,武汉,细颗粒物(PM2.5)
199,中度污染,1.6,汉口花桥,50,4,10,_,149,3,武汉,细颗粒物(PM2.5)
208,重度污染,1.3,武昌紫阳,62,7,19,_,158,8,武汉,细颗粒物(PM2.5)
203,重度污染,1.4,青山钢花,45,6,18,_,153,2,武汉,细颗粒物(PM2.5)
223,重度污染,1.6,沌口新区,52,11,27,_,173,6,武汉,细颗粒物(PM2.5)
215,重度污染,2.5,监测站,72,8,18,_,165,14,芜湖,细颗粒物(PM2.5)
245,重度污染,1.6,四水厂,77,6,22,_,195,16,芜湖,细颗粒物(PM2.5)
198,中度污染,1.3,汉口江滩,55,3,15,_,148,2,武汉,细颗粒物(PM2.5)
212,重度污染,1.2,东湖高新,52,9,17,_,162,6,武汉,细颗粒物(PM2.5)
186,中度污染,1.5,吴家山,39,13,19,_,140,5,武汉,细颗粒物(PM2.5)
258,重度污染,1.4,沉湖七壕,20,35,40,_,208,2,武汉,细颗粒物(PM2.5)
233,重度污染,2.0,五七二零厂,65,16,31,_,183,16,芜湖,细颗粒物(PM2.5)
210,重度污染,1.4,吴江市环保局,83,14,20,221,160,16,吴江,细颗粒物(PM2.5)
209,重度污染,1.2,教师进修学校,75,10,12,170,159,11,吴江,细颗粒物(PM2.5)
207,重度污染,1.4,吴江开发区,74,23,28,195,157,12,吴江,细颗粒物(PM2.5)
227,重度污染,2.5,农水大厦,55,22,15,271,177,21,五家渠,细颗粒物(PM2.5)
45,优,0.5,集宁新区,39,43,36,45,21,22,乌兰察布,_
61,良,0.7,光明街小学,61,16,15,72,24,42,乌兰察布,颗粒物(PM10)
300,重度污染,4.4,监测站,122,4,4,420,227,2,乌鲁木齐,颗粒物(PM10)
59,良,3.2,监测站,58,9,31,57,42,10,武威,细颗粒物(PM2.5)
162,中度污染,4.6,雷台,35,16,22,129,123,37,武威,细颗粒物(PM2.5)
102,轻度污染,2.6,收费所,39,4,4,_,76,10,乌鲁木齐,细颗粒物(PM2.5)
327,严重污染,5.2,新疆农科院农场,91,18,17,280,277,28,乌鲁木齐,细颗粒物(PM2.5)
403,严重污染,4.5,三十一中学,92,4,5,_,354,6,乌鲁木齐,细颗粒物(PM2.5)
26,优,0.9,培训基地,7,82,82,17,11,7,乌鲁木齐,_
59,良,0.7,教育园区,32,35,45,67,41,30,吴忠,颗粒物(PM10)
58,良,1.0,高级中学,45,28,47,65,40,36,吴忠,颗粒物(PM10)
52,良,1.3,新区二泵站,21,34,44,54,31,61,吴忠,颗粒物(PM10)
215,重度污染,2.2,曹张,72,6,24,237,165,28,无锡,细颗粒物(PM2.5)
217,重度污染,1.7,漆塘,87,5,19,219,167,19,无锡,细颗粒物(PM2.5)
224,重度污染,1.7,旺庄,75,8,21,217,174,20,无锡,细颗粒物(PM2.5)
232,重度污染,1.9,堰桥,75,11,15,220,182,12,无锡,细颗粒物(PM2.5)
199,中度污染,1.8,雪浪,86,_,15,187,149,20,无锡,细颗粒物(PM2.5)
225,重度污染,1.9,荣巷,67,2,19,203,175,20,无锡,细颗粒物(PM2.5)
94,良,1.4,市环保,49,4,2,122,70,46,梧州,细颗粒物(PM2.5)
111,轻度污染,0.8,云盖小学,60,2,2,171,57,8,梧州,颗粒物(PM10)
90,良,1.7,龙圩,49,8,8,101,67,11,梧州,细颗粒物(PM2.5)
89,良,1.1,龙新,57,6,3,76,66,8,梧州,细颗粒物(PM2.5)
92,良,0.7,溪东,36,5,12,84,68,6,厦门,细颗粒物(PM2.5)
68,良,0.6,洪文,47,38,52,_,49,8,厦门,细颗粒物(PM2.5)
48,优,0.6,鼓浪屿,33,55,66,_,33,6,厦门,_
74,良,0.8,湖里中学,57,29,45,_,54,10,厦门,细颗粒物(PM2.5)
237,重度污染,3.0,高压开关厂,85,9,9,250,187,38,西安,细颗粒物(PM2.5)
97,良,2.5,兴庆小区,80,7,7,130,72,22,西安,细颗粒物(PM2.5)
132,轻度污染,3.0,纺织城,72,5,5,165,100,32,西安,细颗粒物(PM2.5)
193,中度污染,2.6,小寨,82,6,6,238,145,25,西安,细颗粒物(PM2.5)
250,重度污染,4.6,市人民体育场,107,6,5,226,200,22,西安,细颗粒物(PM2.5)
246,重度污染,3.5,高新西区,70,7,7,257,196,29,西安,细颗粒物(PM2.5)
278,重度污染,1.4,板塘,43,29,25,_,228,15,湘潭,细颗粒物(PM2.5)
282,重度污染,1.4,市监测站,43,20,25,261,232,11,湘潭,细颗粒物(PM2.5)
283,重度污染,1.6,岳塘,38,25,24,_,233,17,湘潭,细颗粒物(PM2.5)
281,重度污染,1.6,昭山,36,31,23,277,231,10,湘潭,细颗粒物(PM2.5)
222,重度污染,0.8,韶山,23,66,48,246,172,11,湘潭,细颗粒物(PM2.5)
94,良,0.6,跃进水库,8,33,36,126,70,1,湘西州,细颗粒物(PM2.5)
108,轻度污染,0.6,州政府,13,35,40,107,81,11,湘西州,细颗粒物(PM2.5)
95,良,0.6,吉首市计生局,33,27,39,113,71,4,湘西州,细颗粒物(PM2.5)
258,重度污染,2.8,经开区,88,6,5,301,208,69,西安,细颗粒物(PM2.5)
196,中度污染,2.6,长安区,62,8,7,169,147,11,西安,细颗粒物(PM2.5)
190,中度污染,4.3,阎良区,78,5,6,253,143,43,西安,细颗粒物(PM2.5)
162,中度污染,4.4,临潼区,112,5,4,261,123,32,西安,细颗粒物(PM2.5)
297,重度污染,3.2,草滩,79,8,7,311,247,46,西安,细颗粒物(PM2.5)
110,轻度污染,1.9,曲江文化产业集团,72,5,5,169,74,8,西安,颗粒物(PM10)
117,轻度污染,2.1,广运潭,78,4,4,174,88,20,西安,细颗粒物(PM2.5)
415,严重污染,2.8,襄城运动路,77,8,14,401,372,18,襄阳,细颗粒物(PM2.5)
407,严重污染,2.9,樊城新华路,78,9,9,396,360,26,襄阳,细颗粒物(PM2.5)
430,严重污染,3.2,高新管委会,79,3,7,419,394,20,襄阳,细颗粒物(PM2.5)
480,严重污染,3.0,襄州航空路,80,7,7,516,470,13,襄阳,细颗粒物(PM2.5)
206,重度污染,1.6,森林公园,46,6,11,164,156,2,咸宁,细颗粒物(PM2.5)
209,重度污染,1.5,市发改委,50,10,12,177,159,2,咸宁,细颗粒物(PM2.5)
190,中度污染,1.9,咸安区政府,42,8,11,168,143,6,咸宁,细颗粒物(PM2.5)
207,重度污染,1.9,长江产业园,36,9,12,176,157,1,咸宁,细颗粒物(PM2.5)
234,重度污染,2.5,气象站,93,3,4,271,184,41,咸阳,细颗粒物(PM2.5)
271,重度污染,3.1,中华小区,54,5,5,293,221,26,咸阳,细颗粒物(PM2.5)
266,重度污染,4.1,师范学院,82,3,3,292,216,33,咸阳,细颗粒物(PM2.5)
287,重度污染,3.0,中医学院,56,6,7,292,237,23,咸阳,细颗粒物(PM2.5)
137,轻度污染,1.7,文化路,25,24,33,190,104,8,孝感,细颗粒物(PM2.5)
168,中度污染,1.7,东城区,21,26,32,192,127,4,孝感,细颗粒物(PM2.5)
73,良,1.1,市环保监测站,8,68,66,96,17,15,锡林郭勒盟,颗粒物(PM10)
71,良,0.3,市政府,14,60,55,91,23,49,锡林郭勒盟,颗粒物(PM10)
29,优,0.6,胜华新制药厂,17,51,49,29,9,11,兴安盟,_
27,优,0.3,科右前旗环保局,23,53,59,27,9,13,兴安盟,_
25,优,0.5,北滨河,22,43,28,19,17,10,兴安盟,_
124,轻度污染,4.4,市环境监测站,21,8,8,198,92,25,西宁,颗粒物(PM10)
84,良,3.4,四陆医院,69,5,21,112,62,33,西宁,细颗粒物(PM2.5)
300,重度污染,5.2,达活泉,100,74,22,398,250,49,邢台,细颗粒物(PM2.5)
190,中度污染,4.1,邢师高专,75,9,8,238,143,33,邢台,细颗粒物(PM2.5)
362,严重污染,6.3,路桥公司,92,13,10,469,306,54,邢台,颗粒物(PM10)
277,重度污染,5.8,市环保局,87,27,12,298,227,45,邢台,细颗粒物(PM2.5)
75,良,1.7,第五水厂,21,25,32,100,46,10,西宁,颗粒物(PM10)
108,轻度污染,1.8,城北区政府,36,21,18,149,81,59,西宁,细颗粒物(PM2.5)
344,严重污染,5.3,环保西院,95,13,11,388,294,27,新乡,细颗粒物(PM2.5)
301,严重污染,4.0,开发区,76,3,3,315,251,20,新乡,细颗粒物(PM2.5)
296,重度污染,4.7,环保东院,91,4,3,349,246,20,新乡,细颗粒物(PM2.5)
251,重度污染,3.5,市委党校,91,3,2,288,201,24,新乡,细颗粒物(PM2.5)
229,重度污染,1.7,平桥分局,57,4,16,266,179,6,信阳,细颗粒物(PM2.5)
213,重度污染,1.6,南湾水厂,34,39,35,241,163,11,信阳,细颗粒物(PM2.5)
249,重度污染,1.8,市酿酒公司,57,16,19,246,199,15,信阳,细颗粒物(PM2.5)
239,重度污染,1.8,审计局,55,14,10,259,189,13,信阳,细颗粒物(PM2.5)
109,轻度污染,1.1,北岗,46,7,12,132,82,16,新余,细颗粒物(PM2.5)
163,中度污染,1.3,飞宇,52,5,13,153,124,19,新余,细颗粒物(PM2.5)
163,中度污染,1.5,第二水厂,62,12,16,179,124,26,新余,细颗粒物(PM2.5)
149,轻度污染,1.4,市气象局,56,13,21,176,114,32,新余,细颗粒物(PM2.5)
137,轻度污染,2.6,新钢氧气厂,54,11,16,155,104,31,新余,细颗粒物(PM2.5)
102,轻度污染,1.7,机引,67,2,2,140,76,52,忻州,细颗粒物(PM2.5)
100,良,2.9,开发区,58,5,6,116,75,103,忻州,细颗粒物(PM2.5)
109,轻度污染,2.3,会展中心,44,7,7,137,82,40,忻州,细颗粒物(PM2.5)
51,良,1.5,景洪市江南,18,9,10,52,32,7,西双版纳州,颗粒物(PM10)
53,良,0.8,景洪市江北,26,4,9,46,37,10,西双版纳州,细颗粒物(PM2.5)
113,轻度污染,1.2,鳌峰子站,80,20,21,152,85,13,宣城,细颗粒物(PM2.5)
168,中度污染,1.3,敬亭山子站,80,29,29,146,127,19,宣城,细颗粒物(PM2.5)
206,重度污染,1.0,开发区子站,95,36,40,_,156,19,宣城,细颗粒物(PM2.5)
351,严重污染,2.3,监测站,69,3,5,347,301,11,许昌,细颗粒物(PM2.5)
358,严重污染,2.4,开发区,70,1,1,314,308,9,许昌,细颗粒物(PM2.5)
376,严重污染,2.5,市一中,80,_,4,337,326,13,许昌,细颗粒物(PM2.5)
366,严重污染,2.2,黄河新村,68,4,10,340,316,52,徐州,细颗粒物(PM2.5)
361,严重污染,2.1,淮塔,70,5,5,_,311,19,徐州,细颗粒物(PM2.5)
285,重度污染,2.1,新城区,63,4,4,328,235,8,徐州,细颗粒物(PM2.5)
369,严重污染,1.6,桃园路,74,10,10,383,319,32,徐州,细颗粒物(PM2.5)
352,严重污染,1.8,农科院,68,4,4,333,302,25,徐州,细颗粒物(PM2.5)
348,严重污染,2.4,鼓楼区政府,75,6,10,338,298,36,徐州,细颗粒物(PM2.5)
356,严重污染,2.2,铜山区招生办,66,4,4,312,306,18,徐州,细颗粒物(PM2.5)
80,良,0.7,大兴526台,16,41,48,_,59,21,雅安,细颗粒物(PM2.5)
88,良,1.1,建安厂,32,54,68,91,65,20,雅安,细颗粒物(PM2.5)
92,良,0.6,川农大,22,16,19,92,68,27,雅安,细颗粒物(PM2.5)
43,优,1.3,枣园,40,7,7,43,25,14,延安,_
43,优,1.4,延大医附院,43,8,8,43,21,11,延安,_
69,良,3.0,市监测站,63,11,10,87,41,71,延安,颗粒物(PM10)
72,良,2.5,百米大道,56,7,7,93,43,70,延安,颗粒物(PM10)
89,良,1.2,妇幼医院,40,26,42,82,66,24,延边州,细颗粒物(PM2.5)
79,良,1.0,延边医院,45,14,25,74,58,53,延边州,细颗粒物(PM2.5)
48,优,0.8,朝阳川镇医院,17,29,30,39,33,8,延边州,_
133,轻度污染,1.8,盐城电厂,69,14,33,174,101,26,盐城,细颗粒物(PM2.5)
118,轻度污染,1.6,市监测站,57,14,24,136,89,15,盐城,细颗粒物(PM2.5)
50,优,0.8,文峰中学,15,71,71,50,35,18,盐城,_
103,轻度污染,1.5,开发区管委会,70,3,11,119,77,8,盐城,细颗粒物(PM2.5)
130,轻度污染,1.4,宝龙广场,62,9,19,147,99,11,盐城,细颗粒物(PM2.5)
168,中度污染,1.2,鸳鸯湖,78,24,53,_,127,11,阳江,细颗粒物(PM2.5)
160,中度污染,1.2,南恩路,51,18,38,_,122,11,阳江,细颗粒物(PM2.5)
139,轻度污染,1.6,马南垌,56,19,31,_,106,10,阳江,细颗粒物(PM2.5)
97,良,2.2,市中心,85,10,10,144,62,164,阳泉,颗粒物(PM10)
84,良,1.8,赛鱼,89,6,6,111,62,196,阳泉,细颗粒物(PM2.5)
114,轻度污染,1.3,南庄,79,8,18,110,86,149,阳泉,细颗粒物(PM2.5)
132,轻度污染,3.0,白羊墅,66,7,6,191,100,118,阳泉,细颗粒物(PM2.5)
90,良,1.7,平坦,75,11,12,98,67,170,阳泉,细颗粒物(PM2.5)
62,良,1.1,大阳泉,49,42,46,73,43,123,阳泉,颗粒物(PM10)
176,中度污染,2.0,城东财政所,69,16,15,300,133,16,扬州,细颗粒物(PM2.5)
193,中度污染,1.7,市监测站,52,16,14,311,145,8,扬州,细颗粒物(PM2.5)
195,中度污染,1.6,邗江监测站,40,45,42,290,146,12,扬州,细颗粒物(PM2.5)
170,中度污染,1.8,五台山医院,62,18,16,290,128,16,扬州,颗粒物(PM10)
112,轻度污染,1.6,开发区,78,6,14,173,56,24,烟台,颗粒物(PM10)
92,良,1.1,轴承厂,73,8,16,134,48,24,烟台,颗粒物(PM10)
78,良,1.2,西郊化工站,60,18,33,106,50,16,烟台,颗粒物(PM10)
68,良,1.9,莱山环保局,62,23,30,85,42,28,烟台,颗粒物(PM10)
116,轻度污染,2.9,福山环保局,68,14,13,181,68,29,烟台,颗粒物(PM10)
117,轻度污染,1.3,石马中学,47,14,38,100,88,22,宜宾,细颗粒物(PM2.5)
118,轻度污染,2.0,牟平检察院,70,19,24,149,89,41,烟台,细颗粒物(PM2.5)
114,轻度污染,1.2,市委,60,5,42,102,86,22,宜宾,细颗粒物(PM2.5)
130,轻度污染,1.7,宜宾四中,66,6,43,130,99,26,宜宾,细颗粒物(PM2.5)
120,轻度污染,1.5,市政府,47,4,40,101,91,13,宜宾,细颗粒物(PM2.5)
123,轻度污染,1.4,四零三,40,36,34,119,93,9,宜昌,细颗粒物(PM2.5)
125,轻度污染,1.7,白龙岗,68,7,28,118,95,14,宜昌,细颗粒物(PM2.5)
139,轻度污染,2.1,伍家岗,34,6,15,_,106,15,宜昌,细颗粒物(PM2.5)
84,良,1.1,点军区,21,20,37,_,62,14,宜昌,细颗粒物(PM2.5)
138,轻度污染,1.8,黄金嘴,_,22,52,168,105,17,宜宾,细颗粒物(PM2.5)
170,中度污染,1.8,沙坪中学,42,7,38,156,129,14,宜宾,细颗粒物(PM2.5)
109,轻度污染,1.6,夷陵区,42,10,16,84,82,17,宜昌,细颗粒物(PM2.5)
178,中度污染,1.9,槟榔水业,47,12,12,190,134,56,宜春,细颗粒物(PM2.5)
170,中度污染,1.7,市中国银行,45,_,_,196,129,50,宜春,细颗粒物(PM2.5)
150,轻度污染,2.3,市石油公司,37,4,12,180,115,31,宜春,细颗粒物(PM2.5)
173,中度污染,1.7,市气象局,41,4,5,177,131,35,宜春,细颗粒物(PM2.5)
183,中度污染,2.4,市广电局,42,3,4,193,138,68,宜春,细颗粒物(PM2.5)
69,良,0.8,中心医院,41,20,36,59,50,10,伊春,细颗粒物(PM2.5)
78,良,1.3,林管局,37,21,31,102,57,21,伊春,细颗粒物(PM2.5)
27,优,0.5,汤旺河国家公园,3,36,34,27,17,1,伊春,_
255,重度污染,7.3,市环保局,87,5,6,326,205,81,伊犁哈萨克州,细颗粒物(PM2.5)
278,重度污染,7.9,新政府片区,78,6,8,304,228,38,伊犁哈萨克州,细颗粒物(PM2.5)
261,重度污染,5.0,第二水厂,75,4,4,271,211,16,伊犁哈萨克州,细颗粒物(PM2.5)
58,良,1.2,贺兰山马莲口,56,31,57,65,41,124,银川,"颗粒物(PM10)
细颗粒物(PM2.5)"
90,良,0.8,西炮台,49,19,27,88,67,12,营口,细颗粒物(PM2.5)
72,良,0.7,宁安大街,37,52,52,94,34,94,银川,颗粒物(PM10)
104,轻度污染,2.5,贺兰山东路,49,8,9,112,78,36,银川,细颗粒物(PM2.5)
90,良,2.7,学院路,63,6,11,119,67,79,银川,细颗粒物(PM2.5)
104,轻度污染,1.8,水乡路(直管站),51,13,13,140,78,48,银川,细颗粒物(PM2.5)
103,轻度污染,2.0,上海东路,54,2,2,93,77,29,银川,细颗粒物(PM2.5)
109,轻度污染,2.3,文昌北街,58,15,22,130,82,57,银川,细颗粒物(PM2.5)
90,良,1.1,学府南路,59,16,33,107,67,23,营口,细颗粒物(PM2.5)
92,良,1.2,大庆路,72,10,22,98,68,19,营口,细颗粒物(PM2.5)
73,良,1.3,镜湖西路,59,19,40,92,53,22,营口,细颗粒物(PM2.5)
175,中度污染,1.0,龙虎山,49,6,5,_,132,7,鹰潭,细颗粒物(PM2.5)
217,重度污染,1.3,新监测站,74,6,4,_,167,12,鹰潭,细颗粒物(PM2.5)
192,中度污染,1.3,财苑宾馆,63,5,4,_,144,18,鹰潭,细颗粒物(PM2.5)
193,中度污染,1.4,体育馆,60,4,3,_,145,28,鹰潭,细颗粒物(PM2.5)
188,中度污染,1.2,三川水表,61,6,4,_,141,18,鹰潭,细颗粒物(PM2.5)
80,良,0.8,江东,48,1,16,75,59,4,义乌,细颗粒物(PM2.5)
88,良,0.9,北苑,46,5,14,75,65,5,义乌,细颗粒物(PM2.5)
214,重度污染,1.2,宜兴市环保局,72,5,12,_,164,25,宜兴,细颗粒物(PM2.5)
211,重度污染,1.6,宜园,76,4,12,_,161,17,宜兴,细颗粒物(PM2.5)
257,重度污染,2.9,甘溪港,22,45,42,344,207,7,益阳,细颗粒物(PM2.5)
235,重度污染,2.6,市环保局,33,44,43,328,185,1,益阳,细颗粒物(PM2.5)
325,严重污染,2.7,市特殊教育学校,35,37,35,303,275,16,益阳,细颗粒物(PM2.5)
196,中度污染,2.9,资阳区政务中心,43,22,29,214,147,7,益阳,细颗粒物(PM2.5)
213,重度污染,2.1,赫山环保分局,26,36,33,251,163,12,益阳,细颗粒物(PM2.5)
168,中度污染,1.0,零陵南津渡,33,30,46,152,127,8,永州,细颗粒物(PM2.5)
185,中度污染,1.1,市环境监测站,32,30,43,167,139,7,永州,细颗粒物(PM2.5)
173,中度污染,0.8,零陵区环保局,54,19,37,146,131,13,永州,细颗粒物(PM2.5)
178,中度污染,1.5,冷水滩区环保局,40,25,39,175,134,9,永州,细颗粒物(PM2.5)
233,重度污染,2.1,南湖风景区,34,31,41,197,183,10,岳阳,细颗粒物(PM2.5)
216,重度污染,1.6,城陵矶,15,40,37,206,166,2,岳阳,细颗粒物(PM2.5)
207,重度污染,1.5,开发区,29,37,51,191,157,6,岳阳,细颗粒物(PM2.5)
214,重度污染,1.7,云溪区,24,47,51,208,164,2,岳阳,细颗粒物(PM2.5)
239,重度污染,1.7,君山区,14,59,63,_,189,9,岳阳,细颗粒物(PM2.5)
206,重度污染,1.4,金凤水库,8,47,49,168,156,6,岳阳,细颗粒物(PM2.5)
99,良,1.3,寒山水库,34,49,44,88,74,25,玉林,细颗粒物(PM2.5)
139,轻度污染,1.6,市监测站,59,6,31,125,106,23,玉林,细颗粒物(PM2.5)
166,中度污染,1.8,南江一中,69,4,18,214,126,66,玉林,细颗粒物(PM2.5)
201,重度污染,1.0,新市府,64,20,65,_,151,16,云浮,细颗粒物(PM2.5)
213,重度污染,1.4,市监测站,94,4,6,_,163,53,云浮,细颗粒物(PM2.5)
188,中度污染,1.1,牧羊,79,2,14,_,141,49,云浮,细颗粒物(PM2.5)
153,中度污染,1.8,红石峡森林公园　,86,4,3,188,117,34,榆林,细颗粒物(PM2.5)
142,轻度污染,5.0,世纪广场　,98,5,5,201,108,76,榆林,细颗粒物(PM2.5)
153,中度污染,4.5,实验中学,101,3,2,192,117,79,榆林,细颗粒物(PM2.5)
117,轻度污染,4.1,环保监测大楼　,85,5,4,153,88,70,榆林,细颗粒物(PM2.5)
152,中度污染,4.1,运城中学,77,8,16,217,116,199,运城,细颗粒物(PM2.5)
216,重度污染,4.4,禹都开发区,62,12,14,266,166,120,运城,细颗粒物(PM2.5)
223,重度污染,5.0,地区技校,79,10,16,250,173,194,运城,细颗粒物(PM2.5)
155,中度污染,3.3,空港新区,74,7,7,233,118,90,运城,细颗粒物(PM2.5)
232,重度污染,3.7,外滩首府,66,7,11,251,182,159,运城,细颗粒物(PM2.5)
94,良,1.1,玉树县结古镇,53,8,34,138,36,223,玉树州,颗粒物(PM10)
33,优,0.9,东风水库,18,7,12,33,17,4,玉溪,_
88,良,2.5,玉溪一中,29,5,6,125,63,38,玉溪,颗粒物(PM10)
65,良,2.8,文体中心,27,3,4,80,40,19,玉溪,颗粒物(PM10)
180,中度污染,1.9,市中区政府,80,3,4,283,136,56,枣庄,细颗粒物(PM2.5)
265,重度污染,1.8,薛城环保局,76,9,11,322,215,12,枣庄,细颗粒物(PM2.5)
203,重度污染,1.7,峄城区政府,55,2,6,266,153,22,枣庄,细颗粒物(PM2.5)
217,重度污染,1.7,台儿庄区环保局,65,11,14,225,167,12,枣庄,细颗粒物(PM2.5)
287,重度污染,2.5,山亭区环保局,64,7,28,355,237,57,枣庄,细颗粒物(PM2.5)
304,严重污染,1.7,张家港市监测站,56,55,46,293,254,15,张家港,细颗粒物(PM2.5)
312,严重污染,1.4,城北小学,59,48,37,316,262,8,张家港,细颗粒物(PM2.5)
125,轻度污染,1.2,永定新区,39,13,23,112,95,4,张家界,细颗粒物(PM2.5)
92,良,1.1,电业局,26,28,37,97,68,5,张家界,细颗粒物(PM2.5)
62,良,1.6,未央路,16,38,54,74,39,8,张家界,颗粒物(PM10)
40,优,0.6,袁家界,8,90,71,40,27,5,张家界,_
62,良,0.9,人民公园,22,41,50,73,33,22,张家口,颗粒物(PM10)
74,良,1.5,五金库,60,20,45,98,37,28,张家口,颗粒物(PM10)
58,良,1.3,世纪豪园,43,34,48,66,29,24,张家口,颗粒物(PM10)
64,良,1.2,北泵房,34,49,56,77,30,26,张家口,颗粒物(PM10)
52,良,0.9,烟厂,26,46,55,47,36,24,张家口,细颗粒物(PM2.5)
266,重度污染,1.7,环境监测站,32,56,54,302,216,13,章丘,细颗粒物(PM2.5)
299,重度污染,1.7,明水开发区,28,58,53,324,249,26,章丘,细颗粒物(PM2.5)
71,良,1.1,监测站,26,13,14,92,43,33,张掖,颗粒物(PM10)
79,良,1.5,科委,32,25,23,83,58,15,张掖,细颗粒物(PM2.5)
129,轻度污染,1.3,湛江影剧院,40,56,107,_,98,45,湛江,细颗粒物(PM2.5)
107,轻度污染,1.2,市环境监测站,37,94,114,_,80,17,湛江,细颗粒物(PM2.5)
110,轻度污染,1.0,环保局宿舍,30,107,117,_,83,25,湛江,细颗粒物(PM2.5)
115,轻度污染,0.8,霞山游泳场,40,86,111,_,87,25,湛江,细颗粒物(PM2.5)
133,轻度污染,0.9,麻章区环保局,35,58,100,106,101,49,湛江,细颗粒物(PM2.5)
105,轻度污染,1.0,坡头区环保局,25,82,103,_,79,34,湛江,细颗粒物(PM2.5)
68,良,1.1,漳州三中,61,7,25,52,49,7,漳州,细颗粒物(PM2.5)
63,良,1.0,九湖,61,12,18,49,45,11,漳州,细颗粒物(PM2.5)
74,良,0.9,蓝田镇,2,9,33,59,54,7,漳州,细颗粒物(PM2.5)
139,轻度污染,1.2,睦岗子站,91,6,6,112,106,11,肇庆,细颗粒物(PM2.5)
139,轻度污染,1.3,城中子站,96,10,26,107,106,9,肇庆,细颗粒物(PM2.5)
99,良,1.2,坑口子站,84,16,38,103,74,6,肇庆,细颗粒物(PM2.5)
114,轻度污染,0.6,七星岩子站,102,23,60,121,86,16,肇庆,细颗粒物(PM2.5)
52,良,1.1,监测站,14,92,102,41,36,12,昭通,细颗粒物(PM2.5)
37,优,1.7,环保局,30,83,92,37,22,10,昭通,_
104,轻度污染,2.8,招远环保局,49,6,6,158,77,22,招远,颗粒物(PM10)
113,轻度污染,3.3,招远教育局,58,5,4,158,85,22,招远,细颗粒物(PM2.5)
83,良,1.9,烟厂,81,6,4,102,61,42,郑州,细颗粒物(PM2.5)
80,良,1.3,郑纺机,73,20,12,109,55,40,郑州,颗粒物(PM10)
83,良,1.6,银行学校,56,25,11,115,56,50,郑州,颗粒物(PM10)
82,良,1.6,供水公司,47,27,11,113,49,45,郑州,颗粒物(PM10)
270,重度污染,2.7,经开区管委,61,6,6,328,220,22,郑州,细颗粒物(PM2.5)
259,重度污染,1.5,新区办事处,50,42,51,253,209,17,镇江,细颗粒物(PM2.5)
347,严重污染,1.9,职教中心,72,8,24,_,297,7,镇江,细颗粒物(PM2.5)
90,良,1.4,四十七中,73,11,7,130,51,41,郑州,颗粒物(PM10)
83,良,1.5,市监测站,86,19,14,115,53,40,郑州,颗粒物(PM10)
84,良,1.3,河医大,73,12,8,117,43,43,郑州,颗粒物(PM10)
100,良,0.8,岗李水库,54,19,11,150,57,47,郑州,颗粒物(PM10)
152,中度污染,2.0,华柏园,84,2,2,_,116,14,中山,细颗粒物(PM2.5)
150,轻度污染,1.8,张溪,86,4,8,139,115,12,中山,细颗粒物(PM2.5)
93,良,1.2,紫马岭,75,4,18,85,69,10,中山,细颗粒物(PM2.5)
95,良,0.7,长江旅游区,46,8,24,79,71,8,中山,细颗粒物(PM2.5)
50,优,0.6,沙坡头消防站,30,17,23,50,33,26,中卫,_
66,良,1.4,官桥站,54,9,26,82,33,20,中卫,颗粒物(PM10)
52,良,0.5,环保局站,34,24,37,54,26,28,中卫,颗粒物(PM10)
294,重度污染,3.0,市环境监测站,52,13,17,374,244,13,周口,细颗粒物(PM2.5)
269,重度污染,2.0,周口师范,42,18,24,306,219,11,周口,细颗粒物(PM2.5)
288,重度污染,1.6,市运管处,48,11,17,299,238,12,周口,细颗粒物(PM2.5)
291,重度污染,2.0,川汇区环保局,54,11,10,339,241,8,周口,细颗粒物(PM2.5)
51,良,1.0,定海檀枫,37,54,62,51,35,8,舟山,颗粒物(PM10)
51,良,0.8,普陀东港,22,75,79,52,30,9,舟山,颗粒物(PM10)
63,良,1.1,临城新区,25,51,58,63,45,8,舟山,细颗粒物(PM2.5)
63,良,0.8,吉大,85,25,38,59,45,23,珠海,细颗粒物(PM2.5)
114,轻度污染,0.9,前山,95,33,38,128,86,22,珠海,细颗粒物(PM2.5)
118,轻度污染,1.0,图书馆,19,30,26,121,89,8,诸暨,细颗粒物(PM2.5)
77,良,0.7,唐家,80,6,18,75,56,15,珠海,细颗粒物(PM2.5)
156,中度污染,1.3,斗门,77,24,30,_,119,45,珠海,细颗粒物(PM2.5)
236,重度污染,2.2,市一纸厂　,64,2,3,278,186,14,驻马店,细颗粒物(PM2.5)
279,重度污染,2.1,市彩印厂　,65,7,5,282,229,11,驻马店,细颗粒物(PM2.5)
255,重度污染,2.1,天方二分厂　,56,_,4,268,205,10,驻马店,细颗粒物(PM2.5)
147,轻度污染,1.5,天台山庄,43,14,17,215,112,79,株洲,细颗粒物(PM2.5)
226,重度污染,1.5,株冶医院,47,13,14,236,176,7,株洲,细颗粒物(PM2.5)
220,重度污染,1.5,市四中,36,17,16,267,170,8,株洲,细颗粒物(PM2.5)
233,重度污染,1.5,火车站,41,8,11,227,183,9,株洲,细颗粒物(PM2.5)
152,中度污染,1.6,市监测站,34,11,14,209,116,11,株洲,细颗粒物(PM2.5)
224,重度污染,1.3,大京风景区,56,9,9,275,174,9,株洲,细颗粒物(PM2.5)
251,重度污染,1.4,云田中学,34,24,21,245,201,17,株洲,细颗粒物(PM2.5)
314,严重污染,2.8,人民公园,51,28,18,338,264,35,淄博,细颗粒物(PM2.5)
348,严重污染,2.9,东风化工厂,59,29,16,342,298,28,淄博,细颗粒物(PM2.5)
291,重度污染,2.8,双山,41,49,31,312,241,28,淄博,细颗粒物(PM2.5)
290,重度污染,2.6,气象站,38,62,44,330,240,36,淄博,细颗粒物(PM2.5)
326,严重污染,3.9,莆田园,58,19,15,332,276,40,淄博,细颗粒物(PM2.5)
280,重度污染,2.9,三金集团,72,30,27,304,230,34,淄博,细颗粒物(PM2.5)
223,重度污染,1.3,大塘山,67,32,70,193,173,12,自贡,细颗粒物(PM2.5)
198,中度污染,1.1,春华路,45,56,68,176,148,16,自贡,细颗粒物(PM2.5)
230,重度污染,1.3,青杠林路,63,55,81,188,180,16,自贡,细颗粒物(PM2.5)
183,中度污染,1.4,檀木林体育馆,61,13,31,157,138,12,自贡,细颗粒物(PM2.5)
125,轻度污染,0.6,莲花山,41,9,26,106,95,8,资阳,细颗粒物(PM2.5)
84,良,1.2,资阳中学,39,9,19,94,62,7,资阳,细颗粒物(PM2.5)
77,良,1.4,四三一厂,37,11,22,92,56,8,资阳,细颗粒物(PM2.5)
95,良,1.1,师范校,47,2,12,140,64,10,资阳,颗粒物(PM10)
114,轻度污染,1.2,区法院,42,4,14,119,86,11,资阳,细颗粒物(PM2.5)
54,良,1.4,丁字口,46,9,23,52,38,37,遵义,细颗粒物(PM2.5)
69,良,0.7,凤凰山,31,44,53,54,50,10,遵义,细颗粒物(PM2.5)
63,良,1.3,忠庄,41,20,51,50,45,16,遵义,细颗粒物(PM2.5)
55,良,1.1,干田坝,41,18,32,47,39,10,遵义,细颗粒物(PM2.5)
